run,type,module,name,attrname,attrvalue,vectime,vecvalue
General-177-20260718-16:44:22-5623,runattr,,,configname,General,,
General-177-20260718-16:44:22-5623,runattr,,,datetime,20260718-16:44:22,,
General-177-20260718-16:44:22-5623,runattr,,,datetimef,20260718-164422,,
General-177-20260718-16:44:22-5623,runattr,,,experiment,General,,
General-177-20260718-16:44:22-5623,runattr,,,inifile,Test_MLModel_3.ini,,
General-177-20260718-16:44:22-5623,runattr,,,iterationvars,"$myraan=165, $threshold=0.02000, $0=51904",,
General-177-20260718-16:44:22-5623,runattr,,,iterationvarsd,myraan=165/threshold=0.02000/51904,,
General-177-20260718-16:44:22-5623,runattr,,,iterationvarsf,"myraan=165,threshold=0.02000,51904-",,
General-177-20260718-16:44:22-5623,runattr,,,measurement,"$myraan=165, $threshold=0.02000, $0=51904",,
General-177-20260718-16:44:22-5623,runattr,,,network,Florasat.Test_Individual.Florasat_Individual_Sats,,
General-177-20260718-16:44:22-5623,runattr,,,processid,5623,,
General-177-20260718-16:44:22-5623,runattr,,,repetition,7,,
General-177-20260718-16:44:22-5623,runattr,,,replication,#7,,
General-177-20260718-16:44:22-5623,runattr,,,resultdir,results,,
General-177-20260718-16:44:22-5623,runattr,,,runnumber,177,,
General-177-20260718-16:44:22-5623,runattr,,,seedset,177,,
General-177-20260718-16:44:22-5623,itervar,,,myraan,165,,
General-177-20260718-16:44:22-5623,itervar,,,threshold,0.02000,,
General-177-20260718-16:44:22-5623,config,,,*.stats_altitude,670,,
General-177-20260718-16:44:22-5623,config,,,*.stats_raan,185,,
General-177-20260718-16:44:22-5623,config,,,image-path,../../images:../../../../samples/inet4.5_2/images,,
General-177-20260718-16:44:22-5623,config,,,network,Florasat.Test_Individual.Florasat_Individual_Sats,,
General-177-20260718-16:44:22-5623,config,,,rng-class,cMersenneTwister,,
General-177-20260718-16:44:22-5623,config,,,*.**.result-recording-modes,-,,
General-177-20260718-16:44:22-5623,config,,,**.result-recording-modes,-,,
General-177-20260718-16:44:22-5623,config,,,**.statistic-recording,true,,
General-177-20260718-16:44:22-5623,config,,,**.scalar-recording,true,,
General-177-20260718-16:44:22-5623,config,,,**.vector-recording,true,,
General-177-20260718-16:44:22-5623,config,,,**.vector-record-eventnumbers,true,,
General-177-20260718-16:44:22-5623,config,,,repeat,10,,
General-177-20260718-16:44:22-5623,config,,,seed-0-mt,51904,,
General-177-20260718-16:44:22-5623,config,,,sim-time-limit,749s,,
General-177-20260718-16:44:22-5623,config,,,simtime-resolution,-11,,
General-177-20260718-16:44:22-5623,config,,,**.stats_altitude,670,,
General-177-20260718-16:44:22-5623,config,,,**.stats_raan,185,,
General-177-20260718-16:44:22-5623,config,,,*.radioMedium.backgroundNoise.power,-110dBm,,
General-177-20260718-16:44:22-5623,config,,,*.radioMedium.mediumLimitCache.centerFrequency,868MHz,,
General-177-20260718-16:44:22-5623,config,,,*.radioMedium.mediumLimitCache.maxTransmissionDuration,4s,,
General-177-20260718-16:44:22-5623,config,,,*.radioMedium.mediumLimitCache.minInterferenceTime,0s,,
General-177-20260718-16:44:22-5623,config,,,**.numSatellites,1,,
General-177-20260718-16:44:22-5623,config,,,*.satellite[*].mobilityType,"""Sat_Mob_SatelliteMobility_Standalone""",,
General-177-20260718-16:44:22-5623,config,,,*.satellite[*].noradModuleType,"""Sat_Mob_NoradA""",,
General-177-20260718-16:44:22-5623,config,,,**.satellite[*].**.initFromDisplayString,false,,
General-177-20260718-16:44:22-5623,config,,,*.satellite[*].mobility.faceForward,true,,
General-177-20260718-16:44:22-5623,config,,,*.satellite[*].mobility.updateInterval,20s,,
General-177-20260718-16:44:22-5623,config,,,*.satellite[*].NoradModule.satName,"""FLoRaSat""",,
General-177-20260718-16:44:22-5623,config,,,*.satellite[*].NoradModule.satIndex,-1,,
General-177-20260718-16:44:22-5623,config,,,*.satellite[*].NoradModule.baseYear,20,,
General-177-20260718-16:44:22-5623,config,,,*.satellite[*].NoradModule.baseDay,1.5,,
General-177-20260718-16:44:22-5623,config,,,*.satellite[*].NoradModule.planes,1,,
General-177-20260718-16:44:22-5623,config,,,*.satellite[*].NoradModule.satPerPlane,1,,
General-177-20260718-16:44:22-5623,config,,,*.satellite[*].NoradModule.eccentricity,0.000001,,
General-177-20260718-16:44:22-5623,config,,,*.satellite[*].NoradModule.inclination,98,,
General-177-20260718-16:44:22-5623,config,,,*.satellite[*].NoradModule.altitude,670,,
General-177-20260718-16:44:22-5623,config,,,*.satellite[0].NoradModule.raan,165,,
General-177-20260718-16:44:22-5623,config,,,*.satellite[0].NoradModule.meanAnomaly,195,,
General-177-20260718-16:44:22-5623,config,,,*.satellite[*].phyDSL.radio.receiver.enableCollisionOverlap,true,,
General-177-20260718-16:44:22-5623,config,,,*.satellite[*].phyDSL.radio.receiver.minCollisionOverlap,0s,,
General-177-20260718-16:44:22-5623,config,,,*.satellite[*].phyDSL.radio.antenna.typename,ConstantGainAntenna,,
General-177-20260718-16:44:22-5623,config,,,*.satellite[*].phyDSL.radio.antenna.mobilityModule,"""^.^.^.mobility""",,
General-177-20260718-16:44:22-5623,config,,,*.satellite[*].phyISL.radio.antenna.mobilityModule,"""^.^.^.mobility""",,
General-177-20260718-16:44:22-5623,config,,,*.satellite[*].phyGSL.radio.antenna.mobilityModule,"""^.^.^.mobility""",,
General-177-20260718-16:44:22-5623,config,,,*.satellite[*].phyDSL.radio.antenna.gain,12dB,,
General-177-20260718-16:44:22-5623,config,,,*.satellite[*].net.routingType,"""Null_Routing""",,
General-177-20260718-16:44:22-5623,config,,,*.terminal[*].net.routingType,"""Ter_Null_Routing""",,
General-177-20260718-16:44:22-5623,config,,,*.**.numGroundLinks,40,,
General-177-20260718-16:44:22-5623,config,,,*.satellite[*].**.interfaceTableModule,"""""",,
General-177-20260718-16:44:22-5623,config,,,**.radioMedium.typename,LoRaMedium,,
General-177-20260718-16:44:22-5623,config,,,**.radioMedium.analogModel.typename,LoRaAnalogModel,,
General-177-20260718-16:44:22-5623,config,,,**.intraPlaneIslDisabled,false,,
General-177-20260718-16:44:22-5623,config,,,**.interPlaneIslDisabled,false,,
General-177-20260718-16:44:22-5623,config,,,**.numTerminals,60,,
General-177-20260718-16:44:22-5623,config,,,*.terminal[*].phy.radio.antenna.mobilityModule,"""^.^.^.mob""",,
General-177-20260718-16:44:22-5623,config,,,*.terminal[*].dlk.mac.interfaceTableModule,"""""",,
General-177-20260718-16:44:22-5623,config,,,*.terminal[*].dlk.energySourceModule,"""""",,
General-177-20260718-16:44:22-5623,config,,,*.terminal[*].dlk.mac.LoRaTP,"intuniform(12, 14)",,
General-177-20260718-16:44:22-5623,config,,,*.terminal[*].dlk.mac.LoRaSF,"intuniform(10, 12)",,
General-177-20260718-16:44:22-5623,config,,,*.terminal[*].dlk.mac.useAnalytical,true,,
General-177-20260718-16:44:22-5623,config,,,*.terminal[*].dlk.mac.predAnalytical.threshold,0.02000,,
General-177-20260718-16:44:22-5623,config,,,**.numberOfPacketsToSend,0,,
General-177-20260718-16:44:22-5623,config,,,**.timeToFirstPacket,1s,,
General-177-20260718-16:44:22-5623,config,,,**.timeToNextPacket,115s,,
General-177-20260718-16:44:22-5623,config,,,*.terminal[0].mob.radius,0.0,,
General-177-20260718-16:44:22-5623,config,,,*.terminal[0].mob.centerLatitude,54.978,,
General-177-20260718-16:44:22-5623,config,,,*.terminal[0].mob.centerLongitude,-1.617,,
General-177-20260718-16:44:22-5623,config,,,*.terminal[1].mob.radius,0.0,,
General-177-20260718-16:44:22-5623,config,,,*.terminal[1].mob.centerLatitude,52.630,,
General-177-20260718-16:44:22-5623,config,,,*.terminal[1].mob.centerLongitude,-1.139,,
General-177-20260718-16:44:22-5623,config,,,*.terminal[2].mob.radius,0.0,,
General-177-20260718-16:44:22-5623,config,,,*.terminal[2].mob.centerLatitude,52.612,,
General-177-20260718-16:44:22-5623,config,,,*.terminal[2].mob.centerLongitude,-6.295,,
General-177-20260718-16:44:22-5623,config,,,*.terminal[3].mob.radius,0.0,,
General-177-20260718-16:44:22-5623,config,,,*.terminal[3].mob.centerLatitude,47.243,,
General-177-20260718-16:44:22-5623,config,,,*.terminal[3].mob.centerLongitude,6.024,,
General-177-20260718-16:44:22-5623,config,,,*.terminal[4].mob.radius,0.0,,
General-177-20260718-16:44:22-5623,config,,,*.terminal[4].mob.centerLatitude,43.610,,
General-177-20260718-16:44:22-5623,config,,,*.terminal[4].mob.centerLongitude,3.876,,
General-177-20260718-16:44:22-5623,config,,,*.terminal[5].mob.radius,0.0,,
General-177-20260718-16:44:22-5623,config,,,*.terminal[5].mob.centerLatitude,49.443,,
General-177-20260718-16:44:22-5623,config,,,*.terminal[5].mob.centerLongitude,1.099,,
General-177-20260718-16:44:22-5623,config,,,*.terminal[6].mob.radius,0.0,,
General-177-20260718-16:44:22-5623,config,,,*.terminal[6].mob.centerLatitude,37.992,,
General-177-20260718-16:44:22-5623,config,,,*.terminal[6].mob.centerLongitude,-1.130,,
General-177-20260718-16:44:22-5623,config,,,*.terminal[7].mob.radius,0.0,,
General-177-20260718-16:44:22-5623,config,,,*.terminal[7].mob.centerLatitude,40.965,,
General-177-20260718-16:44:22-5623,config,,,*.terminal[7].mob.centerLongitude,-5.664,,
General-177-20260718-16:44:22-5623,config,,,*.terminal[8].mob.radius,0.0,,
General-177-20260718-16:44:22-5623,config,,,*.terminal[8].mob.centerLatitude,40.657,,
General-177-20260718-16:44:22-5623,config,,,*.terminal[8].mob.centerLongitude,-7.914,,
General-177-20260718-16:44:22-5623,config,,,*.terminal[9].mob.radius,0.0,,
General-177-20260718-16:44:22-5623,config,,,*.terminal[9].mob.centerLatitude,51.340,,
General-177-20260718-16:44:22-5623,config,,,*.terminal[9].mob.centerLongitude,12.373,,
General-177-20260718-16:44:22-5623,config,,,*.terminal[10].mob.radius,0.0,,
General-177-20260718-16:44:22-5623,config,,,*.terminal[10].mob.centerLatitude,51.455,,
General-177-20260718-16:44:22-5623,config,,,*.terminal[10].mob.centerLongitude,7.011,,
General-177-20260718-16:44:22-5623,config,,,*.terminal[11].mob.radius,0.0,,
General-177-20260718-16:44:22-5623,config,,,*.terminal[11].mob.centerLatitude,49.452,,
General-177-20260718-16:44:22-5623,config,,,*.terminal[11].mob.centerLongitude,11.076,,
General-177-20260718-16:44:22-5623,config,,,*.terminal[12].mob.radius,0.0,,
General-177-20260718-16:44:22-5623,config,,,*.terminal[12].mob.centerLatitude,43.769,,
General-177-20260718-16:44:22-5623,config,,,*.terminal[12].mob.centerLongitude,11.255,,
General-177-20260718-16:44:22-5623,config,,,*.terminal[13].mob.radius,0.0,,
General-177-20260718-16:44:22-5623,config,,,*.terminal[13].mob.centerLatitude,41.117,,
General-177-20260718-16:44:22-5623,config,,,*.terminal[13].mob.centerLongitude,16.871,,
General-177-20260718-16:44:22-5623,config,,,*.terminal[14].mob.radius,0.0,,
General-177-20260718-16:44:22-5623,config,,,*.terminal[14].mob.centerLatitude,52.132,,
General-177-20260718-16:44:22-5623,config,,,*.terminal[14].mob.centerLongitude,5.291,,
General-177-20260718-16:44:22-5623,config,,,*.terminal[15].mob.radius,0.0,,
General-177-20260718-16:44:22-5623,config,,,*.terminal[15].mob.centerLatitude,50.411,,
General-177-20260718-16:44:22-5623,config,,,*.terminal[15].mob.centerLongitude,4.444,,
General-177-20260718-16:44:22-5623,config,,,*.terminal[16].mob.radius,0.0,,
General-177-20260718-16:44:22-5623,config,,,*.terminal[16].mob.centerLatitude,47.559,,
General-177-20260718-16:44:22-5623,config,,,*.terminal[16].mob.centerLongitude,7.588,,
General-177-20260718-16:44:22-5623,config,,,*.terminal[17].mob.radius,0.0,,
General-177-20260718-16:44:22-5623,config,,,*.terminal[17].mob.centerLatitude,55.403,,
General-177-20260718-16:44:22-5623,config,,,*.terminal[17].mob.centerLongitude,10.402,,
General-177-20260718-16:44:22-5623,config,,,*.terminal[18].mob.radius,0.0,,
General-177-20260718-16:44:22-5623,config,,,*.terminal[18].mob.centerLatitude,59.858,,
General-177-20260718-16:44:22-5623,config,,,*.terminal[18].mob.centerLongitude,17.638,,
General-177-20260718-16:44:22-5623,config,,,*.terminal[19].mob.radius,0.0,,
General-177-20260718-16:44:22-5623,config,,,*.terminal[19].mob.centerLatitude,60.451,,
General-177-20260718-16:44:22-5623,config,,,*.terminal[19].mob.centerLongitude,22.266,,
General-177-20260718-16:44:22-5623,config,,,*.terminal[20].mob.radius,0.0,,
General-177-20260718-16:44:22-5623,config,,,*.terminal[20].mob.centerLatitude,56.325,,
General-177-20260718-16:44:22-5623,config,,,*.terminal[20].mob.centerLongitude,22.349,,
General-177-20260718-16:44:22-5623,config,,,*.terminal[21].mob.radius,0.0,,
General-177-20260718-16:44:22-5623,config,,,*.terminal[21].mob.centerLatitude,49.883,,
General-177-20260718-16:44:22-5623,config,,,*.terminal[21].mob.centerLongitude,18.568,,
General-177-20260718-16:44:22-5623,config,,,*.terminal[22].mob.radius,0.0,,
General-177-20260718-16:44:22-5623,config,,,*.terminal[22].mob.centerLatitude,47.531,,
General-177-20260718-16:44:22-5623,config,,,*.terminal[22].mob.centerLongitude,21.627,,
General-177-20260718-16:44:22-5623,config,,,*.terminal[23].mob.radius,0.0,,
General-177-20260718-16:44:22-5623,config,,,*.terminal[23].mob.centerLatitude,44.179,,
General-177-20260718-16:44:22-5623,config,,,*.terminal[23].mob.centerLongitude,28.649,,
General-177-20260718-16:44:22-5623,config,,,*.terminal[24].mob.radius,0.0,,
General-177-20260718-16:44:22-5623,config,,,*.terminal[24].mob.centerLatitude,45.327,,
General-177-20260718-16:44:22-5623,config,,,*.terminal[24].mob.centerLongitude,14.442,,
General-177-20260718-16:44:22-5623,config,,,*.terminal[25].mob.radius,0.0,,
General-177-20260718-16:44:22-5623,config,,,*.terminal[25].mob.centerLatitude,40.694,,
General-177-20260718-16:44:22-5623,config,,,*.terminal[25].mob.centerLongitude,30.400,,
General-177-20260718-16:44:22-5623,config,,,*.terminal[26].mob.radius,0.0,,
General-177-20260718-16:44:22-5623,config,,,*.terminal[26].mob.centerLatitude,37.066,,
General-177-20260718-16:44:22-5623,config,,,*.terminal[26].mob.centerLongitude,37.383,,
General-177-20260718-16:44:22-5623,config,,,*.terminal[27].mob.radius,0.0,,
General-177-20260718-16:44:22-5623,config,,,*.terminal[27].mob.centerLatitude,64.836,,
General-177-20260718-16:44:22-5623,config,,,*.terminal[27].mob.centerLongitude,-23.708,,
General-177-20260718-16:44:22-5623,config,,,*.terminal[28].mob.radius,0.0,,
General-177-20260718-16:44:22-5623,config,,,*.terminal[28].mob.centerLatitude,28.099,,
General-177-20260718-16:44:22-5623,config,,,*.terminal[28].mob.centerLongitude,-17.113,,
General-177-20260718-16:44:22-5623,config,,,*.terminal[29].mob.radius,0.0,,
General-177-20260718-16:44:22-5623,config,,,*.terminal[29].mob.centerLatitude,34.921,,
General-177-20260718-16:44:22-5623,config,,,*.terminal[29].mob.centerLongitude,33.623,,
General-177-20260718-16:44:22-5623,config,,,*.terminal[30].mob.radius,0.0,,
General-177-20260718-16:44:22-5623,config,,,*.terminal[30].mob.centerLatitude,55.953,,
General-177-20260718-16:44:22-5623,config,,,*.terminal[30].mob.centerLongitude,-3.188,,
General-177-20260718-16:44:22-5623,config,,,*.terminal[31].mob.radius,0.0,,
General-177-20260718-16:44:22-5623,config,,,*.terminal[31].mob.centerLatitude,51.481,,
General-177-20260718-16:44:22-5623,config,,,*.terminal[31].mob.centerLongitude,-3.179,,
General-177-20260718-16:44:22-5623,config,,,*.terminal[32].mob.radius,0.0,,
General-177-20260718-16:44:22-5623,config,,,*.terminal[32].mob.centerLatitude,53.349,,
General-177-20260718-16:44:22-5623,config,,,*.terminal[32].mob.centerLongitude,-6.260,,
General-177-20260718-16:44:22-5623,config,,,*.terminal[33].mob.radius,0.0,,
General-177-20260718-16:44:22-5623,config,,,*.terminal[33].mob.centerLatitude,45.764,,
General-177-20260718-16:44:22-5623,config,,,*.terminal[33].mob.centerLongitude,4.835,,
General-177-20260718-16:44:22-5623,config,,,*.terminal[34].mob.radius,0.0,,
General-177-20260718-16:44:22-5623,config,,,*.terminal[34].mob.centerLatitude,48.573,,
General-177-20260718-16:44:22-5623,config,,,*.terminal[34].mob.centerLongitude,7.752,,
General-177-20260718-16:44:22-5623,config,,,*.terminal[35].mob.radius,0.0,,
General-177-20260718-16:44:22-5623,config,,,*.terminal[35].mob.centerLatitude,44.837,,
General-177-20260718-16:44:22-5623,config,,,*.terminal[35].mob.centerLongitude,-0.579,,
General-177-20260718-16:44:22-5623,config,,,*.terminal[36].mob.radius,0.0,,
General-177-20260718-16:44:22-5623,config,,,*.terminal[36].mob.centerLatitude,41.385,,
General-177-20260718-16:44:22-5623,config,,,*.terminal[36].mob.centerLongitude,2.173,,
General-177-20260718-16:44:22-5623,config,,,*.terminal[37].mob.radius,0.0,,
General-177-20260718-16:44:22-5623,config,,,*.terminal[37].mob.centerLatitude,41.157,,
General-177-20260718-16:44:22-5623,config,,,*.terminal[37].mob.centerLongitude,-8.629,,
General-177-20260718-16:44:22-5623,config,,,*.terminal[38].mob.radius,0.0,,
General-177-20260718-16:44:22-5623,config,,,*.terminal[38].mob.centerLatitude,37.389,,
General-177-20260718-16:44:22-5623,config,,,*.terminal[38].mob.centerLongitude,-5.984,,
General-177-20260718-16:44:22-5623,config,,,*.terminal[39].mob.radius,0.0,,
General-177-20260718-16:44:22-5623,config,,,*.terminal[39].mob.centerLatitude,53.551,,
General-177-20260718-16:44:22-5623,config,,,*.terminal[39].mob.centerLongitude,9.993,,
General-177-20260718-16:44:22-5623,config,,,*.terminal[40].mob.radius,0.0,,
General-177-20260718-16:44:22-5623,config,,,*.terminal[40].mob.centerLatitude,48.135,,
General-177-20260718-16:44:22-5623,config,,,*.terminal[40].mob.centerLongitude,11.582,,
General-177-20260718-16:44:22-5623,config,,,*.terminal[41].mob.radius,0.0,,
General-177-20260718-16:44:22-5623,config,,,*.terminal[41].mob.centerLatitude,50.110,,
General-177-20260718-16:44:22-5623,config,,,*.terminal[41].mob.centerLongitude,8.682,,
General-177-20260718-16:44:22-5623,config,,,*.terminal[42].mob.radius,0.0,,
General-177-20260718-16:44:22-5623,config,,,*.terminal[42].mob.centerLatitude,45.464,,
General-177-20260718-16:44:22-5623,config,,,*.terminal[42].mob.centerLongitude,9.190,,
General-177-20260718-16:44:22-5623,config,,,*.terminal[43].mob.radius,0.0,,
General-177-20260718-16:44:22-5623,config,,,*.terminal[43].mob.centerLatitude,40.851,,
General-177-20260718-16:44:22-5623,config,,,*.terminal[43].mob.centerLongitude,14.268,,
General-177-20260718-16:44:22-5623,config,,,*.terminal[44].mob.radius,0.0,,
General-177-20260718-16:44:22-5623,config,,,*.terminal[44].mob.centerLatitude,51.209,,
General-177-20260718-16:44:22-5623,config,,,*.terminal[44].mob.centerLongitude,3.224,,
General-177-20260718-16:44:22-5623,config,,,*.terminal[45].mob.radius,0.0,,
General-177-20260718-16:44:22-5623,config,,,*.terminal[45].mob.centerLatitude,48.208,,
General-177-20260718-16:44:22-5623,config,,,*.terminal[45].mob.centerLongitude,16.373,,
General-177-20260718-16:44:22-5623,config,,,*.terminal[46].mob.radius,0.0,,
General-177-20260718-16:44:22-5623,config,,,*.terminal[46].mob.centerLatitude,52.229,,
General-177-20260718-16:44:22-5623,config,,,*.terminal[46].mob.centerLongitude,21.012,,
General-177-20260718-16:44:22-5623,config,,,*.terminal[47].mob.radius,0.0,,
General-177-20260718-16:44:22-5623,config,,,*.terminal[47].mob.centerLatitude,59.913,,
General-177-20260718-16:44:22-5623,config,,,*.terminal[47].mob.centerLongitude,10.752,,
General-177-20260718-16:44:22-5623,config,,,*.terminal[48].mob.radius,0.0,,
General-177-20260718-16:44:22-5623,config,,,*.terminal[48].mob.centerLatitude,56.949,,
General-177-20260718-16:44:22-5623,config,,,*.terminal[48].mob.centerLongitude,24.105,,
General-177-20260718-16:44:22-5623,config,,,*.terminal[49].mob.radius,0.0,,
General-177-20260718-16:44:22-5623,config,,,*.terminal[49].mob.centerLatitude,59.437,,
General-177-20260718-16:44:22-5623,config,,,*.terminal[49].mob.centerLongitude,24.753,,
General-177-20260718-16:44:22-5623,config,,,*.terminal[50].mob.radius,0.0,,
General-177-20260718-16:44:22-5623,config,,,*.terminal[50].mob.centerLatitude,50.075,,
General-177-20260718-16:44:22-5623,config,,,*.terminal[50].mob.centerLongitude,14.437,,
General-177-20260718-16:44:22-5623,config,,,*.terminal[51].mob.radius,0.0,,
General-177-20260718-16:44:22-5623,config,,,*.terminal[51].mob.centerLatitude,42.697,,
General-177-20260718-16:44:22-5623,config,,,*.terminal[51].mob.centerLongitude,23.321,,
General-177-20260718-16:44:22-5623,config,,,*.terminal[52].mob.radius,0.0,,
General-177-20260718-16:44:22-5623,config,,,*.terminal[52].mob.centerLatitude,45.815,,
General-177-20260718-16:44:22-5623,config,,,*.terminal[52].mob.centerLongitude,15.981,,
General-177-20260718-16:44:22-5623,config,,,*.terminal[53].mob.radius,0.0,,
General-177-20260718-16:44:22-5623,config,,,*.terminal[53].mob.centerLatitude,40.640,,
General-177-20260718-16:44:22-5623,config,,,*.terminal[53].mob.centerLongitude,22.944,,
General-177-20260718-16:44:22-5623,config,,,*.terminal[54].mob.radius,0.0,,
General-177-20260718-16:44:22-5623,config,,,*.terminal[54].mob.centerLatitude,39.933,,
General-177-20260718-16:44:22-5623,config,,,*.terminal[54].mob.centerLongitude,32.859,,
General-177-20260718-16:44:22-5623,config,,,*.terminal[55].mob.radius,0.0,,
General-177-20260718-16:44:22-5623,config,,,*.terminal[55].mob.centerLatitude,38.419,,
General-177-20260718-16:44:22-5623,config,,,*.terminal[55].mob.centerLongitude,27.128,,
General-177-20260718-16:44:22-5623,config,,,*.terminal[56].mob.radius,0.0,,
General-177-20260718-16:44:22-5623,config,,,*.terminal[56].mob.centerLatitude,35.898,,
General-177-20260718-16:44:22-5623,config,,,*.terminal[56].mob.centerLongitude,14.514,,
General-177-20260718-16:44:22-5623,config,,,*.terminal[57].mob.radius,0.0,,
General-177-20260718-16:44:22-5623,config,,,*.terminal[57].mob.centerLatitude,65.683,,
General-177-20260718-16:44:22-5623,config,,,*.terminal[57].mob.centerLongitude,-18.087,,
General-177-20260718-16:44:22-5623,config,,,*.terminal[58].mob.radius,0.0,,
General-177-20260718-16:44:22-5623,config,,,*.terminal[58].mob.centerLatitude,28.463,,
General-177-20260718-16:44:22-5623,config,,,*.terminal[58].mob.centerLongitude,-16.251,,
General-177-20260718-16:44:22-5623,config,,,*.terminal[59].mob.radius,0.0,,
General-177-20260718-16:44:22-5623,config,,,*.terminal[59].mob.centerLatitude,35.185,,
General-177-20260718-16:44:22-5623,config,,,*.terminal[59].mob.centerLongitude,33.382,,
General-177-20260718-16:44:22-5623,config,,,**.numStations,3,,
General-177-20260718-16:44:22-5623,config,,,**.numStations,3,,
General-177-20260718-16:44:22-5623,config,,,*.station[0].mobility.latitude,55.752,,
General-177-20260718-16:44:22-5623,config,,,*.station[0].mobility.longitude,37.616,,
General-177-20260718-16:44:22-5623,config,,,*.station[0].cityName,"""Moscow""",,
General-177-20260718-16:44:22-5623,config,,,*.station[0].groundStationId,7,,
General-177-20260718-16:44:22-5623,config,,,*.station[0].routerAddr,"""10.0.0.29""",,
General-177-20260718-16:44:22-5623,config,,,*.station[0].serving,"""10.0.0.29""",,
General-177-20260718-16:44:22-5623,config,,,*.station[1].mobility.latitude,28.652,,
General-177-20260718-16:44:22-5623,config,,,*.station[1].mobility.longitude,77.231,,
General-177-20260718-16:44:22-5623,config,,,*.station[1].cityName,"""Delhi""",,
General-177-20260718-16:44:22-5623,config,,,*.station[1].groundStationId,11,,
General-177-20260718-16:44:22-5623,config,,,*.station[1].routerAddr,"""10.0.0.45""",,
General-177-20260718-16:44:22-5623,config,,,*.station[1].serving,"""10.0.0.45""",,
General-177-20260718-16:44:22-5623,config,,,*.station[2].mobility.latitude,25.35,,
General-177-20260718-16:44:22-5623,config,,,*.station[2].mobility.longitude,51.24,,
General-177-20260718-16:44:22-5623,config,,,*.station[2].cityName,"""Katar""",,
General-177-20260718-16:44:22-5623,config,,,*.station[2].groundStationId,19,,
General-177-20260718-16:44:22-5623,config,,,*.station[2].routerAddr,"""10.0.0.77""",,
General-177-20260718-16:44:22-5623,config,,,*.station[2].serving,"""10.0.0.77""",,
General-177-20260718-16:44:22-5623,config,,,*.visualizer.canvasVisualizer.mediumVisualizer.typename,,,
General-177-20260718-16:44:22-5623,config,,,*.visualizer.*.radioVisualizer.displayAntennaLobes,true,,
General-177-20260718-16:44:22-5623,config,,,*.visualizer.*.dataLinkVisualizer.displayLinks,true,,
General-177-20260718-16:44:22-5623,config,,,*.visualizer.*.mobilityVisualizer.displayMovementTrails,true,,
General-177-20260718-16:44:22-5623,config,,,*.visualizer.*.mobilityVisualizer.movementTrailLineWidth,1,,
General-177-20260718-16:44:22-5623,config,,,*.visualizer.*.mobilityVisualizer.trailLength,3000,,
General-177-20260718-16:44:22-5623,config,,,**.ttxStart_max,1s,,
General-177-20260718-16:44:22-5623,config,,,**.ttxIdle_min,10s,,
General-177-20260718-16:44:22-5623,config,,,**.ttxIdle_max,15s,,
General-177-20260718-16:44:22-5623,config,,,**.Ntw,1,,
General-177-20260718-16:44:22-5623,config,,,**.Ntx,5,,
General-177-20260718-16:44:22-5623,config,,,**.ttwDuration,100s,,
General-177-20260718-16:44:22-5623,config,,,output-scalar-file,results/results_florasat_analytical/analytical-raan-165-th-0.02000-General-7.sca,,
General-177-20260718-16:44:22-5623,config,,,output-vector-file,results/results_florasat_analytical/analytical-raan-165-th-0.02000-General-7.vec,,
General-177-20260718-16:44:22-5623,vector,Florasat_Individual_Sats.satellite[0].dlkDSL.mac,VectorTransmitMethod_ReceptionResult,,,"28.13118931641 29.5827207888 31.25267530363 35.29697678299 37.87779460618 42.37747298428 44.7449970773 46.98016859722 49.44279112344 54.16402531186 57.48651141387 58.56063878667 116.85135717354 127.53985019907 138.21307536977 138.82542847623 140.93056605747 142.46453564584 144.50138663807 145.79482622761 146.156996953 150.53172725689 151.65849290852 153.66520172188 154.28804015408 157.90633224244 163.16431962387 164.1600554068 166.91429259971 170.44588383561 172.09426932389 241.65752558287 242.1161388852 243.47206892416 244.33298440733 246.0957138547 246.90305355022 253.40039677935 255.34677603239 259.87156786112 260.20270902351 260.83375132427 266.08186938999 266.22463810158 267.19402460338 271.6147954726 273.62092403069 273.80926634622 276.47836050268 277.43203087201 278.37932344958 279.18833717065 279.40932938031 280.16664534381 283.52998930768 283.7848730666 284.18245567049 284.91999313323 285.57794485859 286.2382170379 357.76233972369 360.55982418129 362.39541092715 368.60096729537 369.49299373379 370.64195798946 376.06295622898 380.13021750906 381.73937470469 381.9771434829 382.1963349841 391.25849380217 392.71554790404 395.03820183612 395.50024718631 396.23392481137 398.04114121147 399.04615637933 400.56741526154 404.69670120932 472.55489185489 474.72251434954 475.73633038615 483.65807380661 484.04336845738 485.86949517405 486.25897159827 488.07085193441 489.54023540778 490.57443687892 492.68779457899 494.0287978134 494.87355171855 495.73359567829 499.83005151762 500.21025212635 501.91608782721 505.53987888562 507.5360597228 508.85900833685 509.49942334125 511.6914573213 512.74311752261 512.94716242342 513.91553144464 514.46095801927 591.0739719606 598.80881906131 605.11115043717 606.29630974764 611.18454161113 612.06854619369 618.46078402655 619.65816387245 621.25666839782 623.56570215597 623.84260692531 628.66896949712 629.70505966167 632.605396554 633.66291109196 634.19429205046 702.79134709122 707.62785801644 717.59605242721 719.5745820585 722.39001533625 727.44758559533 730.19321769466 731.84308481602 734.46447451346 736.11807301667 742.54035763525 748.31999312135","7438703 7439703 7434003 7439204 7435904 7439704 7434004 7439205 7435905 7435805 7435705 7434005 7444701 7443102 7444203 7443803 7442003 7443903 7441003 7445303 7441703 7443304 7444204 7443904 7444604 7444904 7443805 7441105 7444605 7443105 7444505 7446102 7447402 7449302 7450702 7449102 7447702 7447403 7449503 7449903 7446503 7447703 7450704 7446104 7449504 7446004 7449004 7449904 7446105 7449505 7450705 7446205 7447405 7449105 7447505 7449205 7450305 7449905 7450105 7449005 7453102 7455502 7456402 7455803 7452103 7455503 7456103 7452104 7454104 7452204 7455104 7455805 7452205 7456205 7452405 7452005 7453405 7455305 7452605 7455005 7461802 7458802 7458602 7459603 7458903 7461803 7458803 7458703 7458603 7461403 7461703 7459604 7460804 7462204 7458804 7461804 7458704 7458004 7461704 7462205 7460805 7458605 7461105 7459205 7458805 7461805 7467802 7464103 7467803 7464603 7464204 7469004 7466804 7464604 7464205 7469005 7468405 7469805 7467805 7466805 7464405 7464605 7472802 7475802 7472803 7475803 7470703 7470404 7470604 7472804 7475804 7470704 7472805 7475805"
General-177-20260718-16:44:22-5623,vector,Florasat_Individual_Sats.satellite[0].dlkDSL.mac,Satellite Position when Repetition Received,,,"28.13118931641 29.5827207888 31.25267530363 35.29697678299 37.87779460618 42.37747298428 44.7449970773 46.98016859722 49.44279112344 54.16402531186 57.48651141387 58.56063878667 116.85135717354 127.53985019907 138.21307536977 138.82542847623 140.93056605747 142.46453564584 144.50138663807 145.79482622761 146.156996953 150.53172725689 151.65849290852 153.66520172188 154.28804015408 157.90633224244 163.16431962387 164.1600554068 166.91429259971 170.44588383561 172.09426932389 241.65752558287 242.1161388852 243.47206892416 244.33298440733 246.0957138547 246.90305355022 253.40039677935 255.34677603239 259.87156786112 260.20270902351 260.83375132427 266.08186938999 266.22463810158 267.19402460338 271.6147954726 273.62092403069 273.80926634622 276.47836050268 277.43203087201 278.37932344958 279.18833717065 279.40932938031 280.16664534381 283.52998930768 283.7848730666 284.18245567049 284.91999313323 285.57794485859 286.2382170379 357.76233972369 360.55982418129 362.39541092715 368.60096729537 369.49299373379 370.64195798946 376.06295622898 380.13021750906 381.73937470469 381.9771434829 382.1963349841 391.25849380217 392.71554790404 395.03820183612 395.50024718631 396.23392481137 398.04114121147 399.04615637933 400.56741526154 404.69670120932 472.55489185489 474.72251434954 475.73633038615 483.65807380661 484.04336845738 485.86949517405 486.25897159827 488.07085193441 489.54023540778 490.57443687892 492.68779457899 494.0287978134 494.87355171855 495.73359567829 499.83005151762 500.21025212635 501.91608782721 505.53987888562 507.5360597228 508.85900833685 509.49942334125 511.6914573213 512.74311752261 512.94716242342 513.91553144464 514.46095801927 591.0739719606 598.80881906131 605.11115043717 606.29630974764 611.18454161113 612.06854619369 618.46078402655 619.65816387245 621.25666839782 623.56570215597 623.84260692531 628.66896949712 629.70505966167 632.605396554 633.66291109196 634.19429205046 702.79134709122 707.62785801644 717.59605242721 719.5745820585 722.39001533625 727.44758559533 730.19321769466 731.84308481602 734.46447451346 736.11807301667 742.54035763525 748.31999312135","180 180 180 180 180 180 180 180 180 180 180 180 180 180 180 180 180 180 180 180 180 180 180 180 180 180 180 180 180 180 180 180 180 180 180 180 180 180 180 180 180 180 180 180 180 180 180 180 180 180 180 180 180 180 180 180 180 180 180 180 180 180 180 180 180 180 180 180 180 180 180 180 180 180 180 180 180 180 180 180 180 180 180 180 180 180 180 180 180 180 180 180 180 180 180 180 180 180 180 180 180 180 180 180 180 180 180 180 180 180 180 180 180 180 180 180 180 180 180 180 180 180 180 180 180 180 180 180 180 180 180 180 180 180"
General-177-20260718-16:44:22-5623,vector,Florasat_Individual_Sats.satellite[0].dlkDSL.mac,Repetition Position for Node 793 at Satellite,,,"28.13118931641 116.85135717354 244.33298440733 266.08186938999 278.37932344958","180 180 180 180 180"
General-177-20260718-16:44:22-5623,vector,Florasat_Individual_Sats.satellite[0].dlkDSL.mac,All Nodes Repetition Generation Delay at Satellite,,,"28.13118931641 29.5827207888 31.25267530363 35.29697678299 37.87779460618 42.37747298428 44.7449970773 46.98016859722 49.44279112344 54.16402531186 57.48651141387 58.56063878667 116.85135717354 127.53985019907 138.21307536977 138.82542847623 140.93056605747 142.46453564584 144.50138663807 145.79482622761 146.156996953 150.53172725689 151.65849290852 153.66520172188 154.28804015408 157.90633224244 163.16431962387 164.1600554068 166.91429259971 170.44588383561 172.09426932389 241.65752558287 242.1161388852 243.47206892416 244.33298440733 246.0957138547 246.90305355022 253.40039677935 255.34677603239 259.87156786112 260.20270902351 260.83375132427 266.08186938999 266.22463810158 267.19402460338 271.6147954726 273.62092403069 273.80926634622 276.47836050268 277.43203087201 278.37932344958 279.18833717065 279.40932938031 280.16664534381 283.52998930768 283.7848730666 284.18245567049 284.91999313323 285.57794485859 286.2382170379 357.76233972369 360.55982418129 362.39541092715 368.60096729537 369.49299373379 370.64195798946 376.06295622898 380.13021750906 381.73937470469 381.9771434829 382.1963349841 391.25849380217 392.71554790404 395.03820183612 395.50024718631 396.23392481137 398.04114121147 399.04615637933 400.56741526154 404.69670120932 472.55489185489 474.72251434954 475.73633038615 483.65807380661 484.04336845738 485.86949517405 486.25897159827 488.07085193441 489.54023540778 490.57443687892 492.68779457899 494.0287978134 494.87355171855 495.73359567829 499.83005151762 500.21025212635 501.91608782721 505.53987888562 507.5360597228 508.85900833685 509.49942334125 511.6914573213 512.74311752261 512.94716242342 513.91553144464 514.46095801927 591.0739719606 598.80881906131 605.11115043717 606.29630974764 611.18454161113 612.06854619369 618.46078402655 619.65816387245 621.25666839782 623.56570215597 623.84260692531 628.66896949712 629.70505966167 632.605396554 633.66291109196 634.19429205046 702.79134709122 707.62785801644 717.59605242721 719.5745820585 722.39001533625 727.44758559533 730.19321769466 731.84308481602 734.46447451346 736.11807301667 742.54035763525 748.31999312135","27.13118931641 28.5827207888 30.25267530363 34.29697678299 36.87779460618 41.37747298428 43.7449970773 45.98016859722 48.44279112344 53.16402531186 56.48651141387 57.56063878667 0.85135717353999 11.53985019907 22.21307536977 22.82542847623 24.93056605747 26.46453564584 28.50138663807 29.79482622761 30.156996953 34.53172725689 35.65849290852 37.66520172188 38.28804015408 41.90633224244 47.16431962387 48.1600554068 50.91429259971 54.44588383561 56.09426932389 10.65752558287 11.1161388852 12.47206892416 13.33298440733 15.0957138547 15.90305355022 22.40039677935 24.34677603239 28.87156786112 29.20270902351 29.83375132427 35.08186938999 35.22463810158 36.19402460338 40.6147954726 42.62092403069 42.80926634622 45.47836050268 46.43203087201 47.37932344958 48.18833717065 48.40932938031 49.16664534381 52.52998930768 52.7848730666 53.18245567049 53.91999313323 54.57794485859 55.2382170379 11.76233972369 14.55982418129 16.39541092715 22.60096729537 23.49299373379 24.64195798946 30.06295622898 34.13021750906 35.73937470469 35.9771434829 36.1963349841 45.25849380217 46.71554790404 49.03820183612 49.50024718631 50.23392481137 52.04114121147 53.04615637933 54.56741526154 58.69670120932 11.55489185489 13.72251434954 14.73633038615 22.65807380661 23.04336845738 24.86949517405 25.25897159827 27.07085193441 28.54023540778 29.57443687892 31.68779457899 33.0287978134 33.87355171855 34.73359567829 38.83005151762 39.21025212635 40.91608782721 44.53987888562 46.5360597228 47.85900833685 48.49942334125 50.6914573213 51.74311752261 51.94716242342 52.91553144464 53.46095801927 15.0739719606 22.80881906131 29.11115043717 30.29630974764 35.18454161113 36.06854619369 42.46078402655 43.65816387245 45.25666839782 47.56570215597 47.84260692531 52.66896949712 53.70505966167 56.605396554 57.66291109196 58.19429205046 11.79134709122 16.62785801644 26.59605242721 28.5745820585 31.39001533625 36.44758559533 39.19321769466 40.84308481602 43.46447451346 45.11807301667 51.54035763525 57.31999312135"
General-177-20260718-16:44:22-5623,vector,Florasat_Individual_Sats.satellite[0].dlkDSL.mac,Repetition Generation Delay for Node 793 at Satellite,,,"28.13118931641 116.85135717354 244.33298440733 266.08186938999 278.37932344958","27.13118931641 0.85135717353999 13.33298440733 35.08186938999 47.37932344958"
General-177-20260718-16:44:22-5623,vector,Florasat_Individual_Sats.satellite[0].dlkDSL.mac,Successful Repetition Number counted for MAC protocol,,,"28.13118931641 29.5827207888 31.25267530363 35.29697678299 37.87779460618 54.16402531186 57.48651141387 116.85135717354 127.53985019907 138.21307536977 138.82542847623 140.93056605747 142.46453564584 144.50138663807 145.79482622761 146.156996953 150.53172725689 154.28804015408 157.90633224244 164.1600554068 172.09426932389 241.65752558287 242.1161388852 243.47206892416 244.33298440733 246.0957138547 246.90305355022 255.34677603239 259.87156786112 260.20270902351 271.6147954726 273.62092403069 279.18833717065 283.52998930768 283.7848730666 284.18245567049 285.57794485859 357.76233972369 360.55982418129 362.39541092715 368.60096729537 369.49299373379 376.06295622898 381.73937470469 381.9771434829 382.1963349841 395.03820183612 395.50024718631 396.23392481137 398.04114121147 399.04615637933 400.56741526154 404.69670120932 472.55489185489 474.72251434954 475.73633038615 483.65807380661 484.04336845738 488.07085193441 490.57443687892 492.68779457899 494.87355171855 495.73359567829 505.53987888562 512.74311752261 512.94716242342 591.0739719606 598.80881906131 606.29630974764 611.18454161113 612.06854619369 618.46078402655 623.84260692531 628.66896949712 633.66291109196 702.79134709122 707.62785801644 722.39001533625 727.44758559533 730.19321769466","3 3 3 4 4 5 5 1 2 3 3 3 3 3 3 3 4 4 4 5 5 2 2 2 2 2 2 3 3 3 4 4 5 5 5 5 5 2 2 2 3 3 3 4 4 4 5 5 5 5 5 5 5 2 2 2 3 3 3 3 3 4 4 4 5 5 2 3 3 4 4 4 5 5 5 2 2 3 4 4"
General-177-20260718-16:44:22-5623,vector,Florasat_Individual_Sats.satellite[0].dlkDSL.mac,Successful Repetition Number counted for the Model,,,"28.13118931641 29.5827207888 31.25267530363 35.29697678299 37.87779460618 54.16402531186 57.48651141387 116.85135717354 127.53985019907 138.21307536977 138.82542847623 140.93056605747 142.46453564584 144.50138663807 145.79482622761 146.156996953 150.53172725689 154.28804015408 157.90633224244 164.1600554068 172.09426932389 241.65752558287 242.1161388852 243.47206892416 244.33298440733 246.0957138547 246.90305355022 255.34677603239 259.87156786112 260.20270902351 271.6147954726 273.62092403069 279.18833717065 283.52998930768 283.7848730666 284.18245567049 285.57794485859 357.76233972369 360.55982418129 362.39541092715 368.60096729537 369.49299373379 376.06295622898 381.73937470469 381.9771434829 382.1963349841 395.03820183612 395.50024718631 396.23392481137 398.04114121147 399.04615637933 400.56741526154 404.69670120932 472.55489185489 474.72251434954 475.73633038615 483.65807380661 484.04336845738 488.07085193441 490.57443687892 492.68779457899 494.87355171855 495.73359567829 505.53987888562 512.74311752261 512.94716242342 591.0739719606 598.80881906131 606.29630974764 611.18454161113 612.06854619369 618.46078402655 623.84260692531 628.66896949712 633.66291109196 702.79134709122 707.62785801644 722.39001533625 727.44758559533 730.19321769466","3 3 3 4 4 5 5 1 2 3 3 3 3 3 3 3 4 4 4 5 5 2 2 2 2 2 2 3 3 3 4 4 5 5 5 5 5 2 2 2 3 3 3 4 4 4 5 5 5 5 5 5 5 2 2 2 3 3 3 3 3 4 4 4 5 5 2 3 3 4 4 4 5 5 5 2 2 3 4 4"
General-177-20260718-16:44:22-5623,vector,Florasat_Individual_Sats.satellite[0].dlkDSL.mac,All Nodes Message Generation Delay at Satellite,,,"28.13118931641 29.5827207888 31.25267530363 35.29697678299 37.87779460618 54.16402531186 57.48651141387 116.85135717354 127.53985019907 138.21307536977 138.82542847623 140.93056605747 142.46453564584 144.50138663807 145.79482622761 146.156996953 150.53172725689 154.28804015408 157.90633224244 164.1600554068 172.09426932389 241.65752558287 242.1161388852 243.47206892416 244.33298440733 246.0957138547 246.90305355022 255.34677603239 259.87156786112 260.20270902351 271.6147954726 273.62092403069 279.18833717065 283.52998930768 283.7848730666 284.18245567049 285.57794485859 357.76233972369 360.55982418129 362.39541092715 368.60096729537 369.49299373379 376.06295622898 381.73937470469 381.9771434829 382.1963349841 395.03820183612 395.50024718631 396.23392481137 398.04114121147 399.04615637933 400.56741526154 404.69670120932 472.55489185489 474.72251434954 475.73633038615 483.65807380661 484.04336845738 488.07085193441 490.57443687892 492.68779457899 494.87355171855 495.73359567829 505.53987888562 512.74311752261 512.94716242342 591.0739719606 598.80881906131 606.29630974764 611.18454161113 612.06854619369 618.46078402655 623.84260692531 628.66896949712 633.66291109196 702.79134709122 707.62785801644 722.39001533625 727.44758559533 730.19321769466","27.13118931641 28.5827207888 30.25267530363 34.29697678299 36.87779460618 53.16402531186 56.48651141387 0.85135717353999 11.53985019907 22.21307536977 22.82542847623 24.93056605747 26.46453564584 28.50138663807 29.79482622761 30.156996953 34.53172725689 38.28804015408 41.90633224244 48.1600554068 56.09426932389 10.65752558287 11.1161388852 12.47206892416 13.33298440733 15.0957138547 15.90305355022 24.34677603239 28.87156786112 29.20270902351 40.6147954726 42.62092403069 48.18833717065 52.52998930768 52.7848730666 53.18245567049 54.57794485859 11.76233972369 14.55982418129 16.39541092715 22.60096729537 23.49299373379 30.06295622898 35.73937470469 35.9771434829 36.1963349841 49.03820183612 49.50024718631 50.23392481137 52.04114121147 53.04615637933 54.56741526154 58.69670120932 11.55489185489 13.72251434954 14.73633038615 22.65807380661 23.04336845738 27.07085193441 29.57443687892 31.68779457899 33.87355171855 34.73359567829 44.53987888562 51.74311752261 51.94716242342 15.0739719606 22.80881906131 30.29630974764 35.18454161113 36.06854619369 42.46078402655 47.84260692531 52.66896949712 57.66291109196 11.79134709122 16.62785801644 31.39001533625 36.44758559533 39.19321769466"
General-177-20260718-16:44:22-5623,vector,Florasat_Individual_Sats.satellite[0].dlkDSL.mac,Message Generation Delay for Node 793 at Satellite,,,"28.13118931641 116.85135717354 244.33298440733","27.13118931641 0.85135717353999 13.33298440733"
General-177-20260718-16:44:22-5623,vector,Florasat_Individual_Sats.satellite[0].net.packetHandler,packets received,,,"28.13118931641 29.5827207888 31.25267530363 35.29697678299 37.87779460618 42.37747298428 44.7449970773 46.98016859722 49.44279112344 54.16402531186 57.48651141387 58.56063878667 116.85135717354 127.53985019907 138.21307536977 138.82542847623 140.93056605747 142.46453564584 144.50138663807 145.79482622761 146.156996953 150.53172725689 151.65849290852 153.66520172188 154.28804015408 157.90633224244 163.16431962387 164.1600554068 166.91429259971 170.44588383561 172.09426932389 241.65752558287 242.1161388852 243.47206892416 244.33298440733 246.0957138547 246.90305355022 253.40039677935 255.34677603239 259.87156786112 260.20270902351 260.83375132427 266.08186938999 266.22463810158 267.19402460338 271.6147954726 273.62092403069 273.80926634622 276.47836050268 277.43203087201 278.37932344958 279.18833717065 279.40932938031 280.16664534381 283.52998930768 283.7848730666 284.18245567049 284.91999313323 285.57794485859 286.2382170379 357.76233972369 360.55982418129 362.39541092715 368.60096729537 369.49299373379 370.64195798946 376.06295622898 380.13021750906 381.73937470469 381.9771434829 382.1963349841 391.25849380217 392.71554790404 395.03820183612 395.50024718631 396.23392481137 398.04114121147 399.04615637933 400.56741526154 404.69670120932 472.55489185489 474.72251434954 475.73633038615 483.65807380661 484.04336845738 485.86949517405 486.25897159827 488.07085193441 489.54023540778 490.57443687892 492.68779457899 494.0287978134 494.87355171855 495.73359567829 499.83005151762 500.21025212635 501.91608782721 505.53987888562 507.5360597228 508.85900833685 509.49942334125 511.6914573213 512.74311752261 512.94716242342 513.91553144464 514.46095801927 591.0739719606 598.80881906131 605.11115043717 606.29630974764 611.18454161113 612.06854619369 618.46078402655 619.65816387245 621.25666839782 623.56570215597 623.84260692531 628.66896949712 629.70505966167 632.605396554 633.66291109196 634.19429205046 702.79134709122 707.62785801644 717.59605242721 719.5745820585 722.39001533625 727.44758559533 730.19321769466 731.84308481602 734.46447451346 736.11807301667 742.54035763525 748.31999312135","1 2 3 4 5 6 7 8 9 10 11 12 13 14 15 16 17 18 19 20 21 22 23 24 25 26 27 28 29 30 31 32 33 34 35 36 37 38 39 40 41 42 43 44 45 46 47 48 49 50 51 52 53 54 55 56 57 58 59 60 61 62 63 64 65 66 67 68 69 70 71 72 73 74 75 76 77 78 79 80 81 82 83 84 85 86 87 88 89 90 91 92 93 94 95 96 97 98 99 100 101 102 103 104 105 106 107 108 109 110 111 112 113 114 115 116 117 118 119 120 121 122 123 124 125 126 127 128 129 130 131 132 133 134"
General-177-20260718-16:44:22-5623,vector,Florasat_Individual_Sats.satellite[0].net.packetHandler,dropped unroutable,,,"28.13118931641 29.5827207888 31.25267530363 35.29697678299 37.87779460618 42.37747298428 44.7449970773 46.98016859722 49.44279112344 54.16402531186 57.48651141387 58.56063878667 116.85135717354 127.53985019907 138.21307536977 138.82542847623 140.93056605747 142.46453564584 144.50138663807 145.79482622761 146.156996953 150.53172725689 151.65849290852 153.66520172188 154.28804015408 157.90633224244 163.16431962387 164.1600554068 166.91429259971 170.44588383561 172.09426932389 241.65752558287 242.1161388852 243.47206892416 244.33298440733 246.0957138547 246.90305355022 253.40039677935 255.34677603239 259.87156786112 260.20270902351 260.83375132427 266.08186938999 266.22463810158 267.19402460338 271.6147954726 273.62092403069 273.80926634622 276.47836050268 277.43203087201 278.37932344958 279.18833717065 279.40932938031 280.16664534381 283.52998930768 283.7848730666 284.18245567049 284.91999313323 285.57794485859 286.2382170379 357.76233972369 360.55982418129 362.39541092715 368.60096729537 369.49299373379 370.64195798946 376.06295622898 380.13021750906 381.73937470469 381.9771434829 382.1963349841 391.25849380217 392.71554790404 395.03820183612 395.50024718631 396.23392481137 398.04114121147 399.04615637933 400.56741526154 404.69670120932 472.55489185489 474.72251434954 475.73633038615 483.65807380661 484.04336845738 485.86949517405 486.25897159827 488.07085193441 489.54023540778 490.57443687892 492.68779457899 494.0287978134 494.87355171855 495.73359567829 499.83005151762 500.21025212635 501.91608782721 505.53987888562 507.5360597228 508.85900833685 509.49942334125 511.6914573213 512.74311752261 512.94716242342 513.91553144464 514.46095801927 591.0739719606 598.80881906131 605.11115043717 606.29630974764 611.18454161113 612.06854619369 618.46078402655 619.65816387245 621.25666839782 623.56570215597 623.84260692531 628.66896949712 629.70505966167 632.605396554 633.66291109196 634.19429205046 702.79134709122 707.62785801644 717.59605242721 719.5745820585 722.39001533625 727.44758559533 730.19321769466 731.84308481602 734.46447451346 736.11807301667 742.54035763525 748.31999312135","1 2 3 4 5 6 7 8 9 10 11 12 13 14 15 16 17 18 19 20 21 22 23 24 25 26 27 28 29 30 31 32 33 34 35 36 37 38 39 40 41 42 43 44 45 46 47 48 49 50 51 52 53 54 55 56 57 58 59 60 61 62 63 64 65 66 67 68 69 70 71 72 73 74 75 76 77 78 79 80 81 82 83 84 85 86 87 88 89 90 91 92 93 94 95 96 97 98 99 100 101 102 103 104 105 106 107 108 109 110 111 112 113 114 115 116 117 118 119 120 121 122 123 124 125 126 127 128 129 130 131 132 133 134"
General-177-20260718-16:44:22-5623,vector,Florasat_Individual_Sats.satellite[0].net.packetHandler,packets dropped,,,"28.13118931641 29.5827207888 31.25267530363 35.29697678299 37.87779460618 42.37747298428 44.7449970773 46.98016859722 49.44279112344 54.16402531186 57.48651141387 58.56063878667 116.85135717354 127.53985019907 138.21307536977 138.82542847623 140.93056605747 142.46453564584 144.50138663807 145.79482622761 146.156996953 150.53172725689 151.65849290852 153.66520172188 154.28804015408 157.90633224244 163.16431962387 164.1600554068 166.91429259971 170.44588383561 172.09426932389 241.65752558287 242.1161388852 243.47206892416 244.33298440733 246.0957138547 246.90305355022 253.40039677935 255.34677603239 259.87156786112 260.20270902351 260.83375132427 266.08186938999 266.22463810158 267.19402460338 271.6147954726 273.62092403069 273.80926634622 276.47836050268 277.43203087201 278.37932344958 279.18833717065 279.40932938031 280.16664534381 283.52998930768 283.7848730666 284.18245567049 284.91999313323 285.57794485859 286.2382170379 357.76233972369 360.55982418129 362.39541092715 368.60096729537 369.49299373379 370.64195798946 376.06295622898 380.13021750906 381.73937470469 381.9771434829 382.1963349841 391.25849380217 392.71554790404 395.03820183612 395.50024718631 396.23392481137 398.04114121147 399.04615637933 400.56741526154 404.69670120932 472.55489185489 474.72251434954 475.73633038615 483.65807380661 484.04336845738 485.86949517405 486.25897159827 488.07085193441 489.54023540778 490.57443687892 492.68779457899 494.0287978134 494.87355171855 495.73359567829 499.83005151762 500.21025212635 501.91608782721 505.53987888562 507.5360597228 508.85900833685 509.49942334125 511.6914573213 512.74311752261 512.94716242342 513.91553144464 514.46095801927 591.0739719606 598.80881906131 605.11115043717 606.29630974764 611.18454161113 612.06854619369 618.46078402655 619.65816387245 621.25666839782 623.56570215597 623.84260692531 628.66896949712 629.70505966167 632.605396554 633.66291109196 634.19429205046 702.79134709122 707.62785801644 717.59605242721 719.5745820585 722.39001533625 727.44758559533 730.19321769466 731.84308481602 734.46447451346 736.11807301667 742.54035763525 748.31999312135","1 2 3 4 5 6 7 8 9 10 11 12 13 14 15 16 17 18 19 20 21 22 23 24 25 26 27 28 29 30 31 32 33 34 35 36 37 38 39 40 41 42 43 44 45 46 47 48 49 50 51 52 53 54 55 56 57 58 59 60 61 62 63 64 65 66 67 68 69 70 71 72 73 74 75 76 77 78 79 80 81 82 83 84 85 86 87 88 89 90 91 92 93 94 95 96 97 98 99 100 101 102 103 104 105 106 107 108 109 110 111 112 113 114 115 116 117 118 119 120 121 122 123 124 125 126 127 128 129 130 131 132 133 134"
General-177-20260718-16:44:22-5623,vector,Florasat_Individual_Sats.satellite[0].dlkDSL.mac,Repetition Position for Node 943 at Satellite,,,"29.5827207888 42.37747298428","180 180"
General-177-20260718-16:44:22-5623,vector,Florasat_Individual_Sats.satellite[0].dlkDSL.mac,Repetition Generation Delay for Node 943 at Satellite,,,"29.5827207888 42.37747298428","28.5827207888 41.37747298428"
General-177-20260718-16:44:22-5623,vector,Florasat_Individual_Sats.satellite[0].dlkDSL.mac,Message Generation Delay for Node 943 at Satellite,,,"29.5827207888","28.5827207888"
General-177-20260718-16:44:22-5623,vector,Florasat_Individual_Sats.satellite[0].dlkDSL.mac,Repetition Position for Node 88 at Satellite,,,"31.25267530363 44.7449970773 58.56063878667 271.6147954726 396.23392481137 505.53987888562","180 180 180 180 180 180"
General-177-20260718-16:44:22-5623,vector,Florasat_Individual_Sats.satellite[0].dlkDSL.mac,Repetition Generation Delay for Node 88 at Satellite,,,"31.25267530363 44.7449970773 58.56063878667 271.6147954726 396.23392481137 505.53987888562","30.25267530363 43.7449970773 57.56063878667 40.6147954726 50.23392481137 44.53987888562"
General-177-20260718-16:44:22-5623,vector,Florasat_Individual_Sats.satellite[0].dlkDSL.mac,Message Generation Delay for Node 88 at Satellite,,,"31.25267530363 271.6147954726 396.23392481137 505.53987888562","30.25267530363 40.6147954726 50.23392481137 44.53987888562"
General-177-20260718-16:44:22-5623,vector,Florasat_Individual_Sats.satellite[0].dlkDSL.mac,Repetition Position for Node 868 at Satellite,,,"35.29697678299 46.98016859722","180 180"
General-177-20260718-16:44:22-5623,vector,Florasat_Individual_Sats.satellite[0].dlkDSL.mac,Repetition Generation Delay for Node 868 at Satellite,,,"35.29697678299 46.98016859722","34.29697678299 45.98016859722"
General-177-20260718-16:44:22-5623,vector,Florasat_Individual_Sats.satellite[0].dlkDSL.mac,Message Generation Delay for Node 868 at Satellite,,,"35.29697678299","34.29697678299"
General-177-20260718-16:44:22-5623,vector,Florasat_Individual_Sats.satellite[0].dlkDSL.mac,Repetition Position for Node 373 at Satellite,,,"37.87779460618 49.44279112344","180 180"
General-177-20260718-16:44:22-5623,vector,Florasat_Individual_Sats.satellite[0].dlkDSL.mac,Repetition Generation Delay for Node 373 at Satellite,,,"37.87779460618 49.44279112344","36.87779460618 48.44279112344"
General-177-20260718-16:44:22-5623,vector,Florasat_Individual_Sats.satellite[0].dlkDSL.mac,Message Generation Delay for Node 373 at Satellite,,,"37.87779460618","36.87779460618"
General-177-20260718-16:44:22-5623,vector,Florasat_Individual_Sats.satellite[0].dlkDSL.mac,Repetition Position for Node 358 at Satellite,,,"54.16402531186","180"
General-177-20260718-16:44:22-5623,vector,Florasat_Individual_Sats.satellite[0].dlkDSL.mac,Repetition Generation Delay for Node 358 at Satellite,,,"54.16402531186","53.16402531186"
General-177-20260718-16:44:22-5623,vector,Florasat_Individual_Sats.satellite[0].dlkDSL.mac,Message Generation Delay for Node 358 at Satellite,,,"54.16402531186","53.16402531186"
General-177-20260718-16:44:22-5623,vector,Florasat_Individual_Sats.satellite[0].dlkDSL.mac,Repetition Position for Node 343 at Satellite,,,"57.48651141387 146.156996953 246.90305355022 260.83375132427","180 180 180 180"
General-177-20260718-16:44:22-5623,vector,Florasat_Individual_Sats.satellite[0].dlkDSL.mac,Repetition Generation Delay for Node 343 at Satellite,,,"57.48651141387 146.156996953 246.90305355022 260.83375132427","56.48651141387 30.156996953 15.90305355022 29.83375132427"
General-177-20260718-16:44:22-5623,vector,Florasat_Individual_Sats.satellite[0].dlkDSL.mac,Message Generation Delay for Node 343 at Satellite,,,"57.48651141387 146.156996953 246.90305355022","56.48651141387 30.156996953 15.90305355022"
General-177-20260718-16:44:22-5623,vector,Florasat_Individual_Sats.satellite[0].dlkDSL.mac,Repetition Position for Node 553 at Satellite,,,"127.53985019907 170.44588383561 246.0957138547 280.16664534381 382.1963349841 512.74311752261","180 180 180 180 180 180"
General-177-20260718-16:44:22-5623,vector,Florasat_Individual_Sats.satellite[0].dlkDSL.mac,Repetition Generation Delay for Node 553 at Satellite,,,"127.53985019907 170.44588383561 246.0957138547 280.16664534381 382.1963349841 512.74311752261","11.53985019907 54.44588383561 15.0957138547 49.16664534381 36.1963349841 51.74311752261"
General-177-20260718-16:44:22-5623,vector,Florasat_Individual_Sats.satellite[0].dlkDSL.mac,Message Generation Delay for Node 553 at Satellite,,,"127.53985019907 246.0957138547 382.1963349841 512.74311752261","11.53985019907 15.0957138547 36.1963349841 51.74311752261"
General-177-20260718-16:44:22-5623,vector,Florasat_Individual_Sats.satellite[0].dlkDSL.mac,Repetition Position for Node 718 at Satellite,,,"138.21307536977 151.65849290852 395.03820183612 495.73359567829 508.85900833685","180 180 180 180 180"
General-177-20260718-16:44:22-5623,vector,Florasat_Individual_Sats.satellite[0].dlkDSL.mac,Repetition Generation Delay for Node 718 at Satellite,,,"138.21307536977 151.65849290852 395.03820183612 495.73359567829 508.85900833685","22.21307536977 35.65849290852 49.03820183612 34.73359567829 47.85900833685"
General-177-20260718-16:44:22-5623,vector,Florasat_Individual_Sats.satellite[0].dlkDSL.mac,Message Generation Delay for Node 718 at Satellite,,,"138.21307536977 395.03820183612 495.73359567829","22.21307536977 49.03820183612 34.73359567829"
General-177-20260718-16:44:22-5623,vector,Florasat_Individual_Sats.satellite[0].dlkDSL.mac,Repetition Position for Node 658 at Satellite,,,"138.82542847623 163.16431962387 368.60096729537 391.25849380217 472.55489185489 485.86949517405 500.21025212635 514.46095801927 591.0739719606 605.11115043717 629.70505966167","180 180 180 180 180 180 180 180 180 180 180"
General-177-20260718-16:44:22-5623,vector,Florasat_Individual_Sats.satellite[0].dlkDSL.mac,Repetition Generation Delay for Node 658 at Satellite,,,"138.82542847623 163.16431962387 368.60096729537 391.25849380217 472.55489185489 485.86949517405 500.21025212635 514.46095801927 591.0739719606 605.11115043717 629.70505966167","22.82542847623 47.16431962387 22.60096729537 45.25849380217 11.55489185489 24.86949517405 39.21025212635 53.46095801927 15.0739719606 29.11115043717 53.70505966167"
General-177-20260718-16:44:22-5623,vector,Florasat_Individual_Sats.satellite[0].dlkDSL.mac,Message Generation Delay for Node 658 at Satellite,,,"138.82542847623 368.60096729537 472.55489185489 591.0739719606","22.82542847623 22.60096729537 11.55489185489 15.0739719606"
General-177-20260718-16:44:22-5623,vector,Florasat_Individual_Sats.satellite[0].dlkDSL.mac,Repetition Position for Node 388 at Satellite,,,"140.93056605747","180"
General-177-20260718-16:44:22-5623,vector,Florasat_Individual_Sats.satellite[0].dlkDSL.mac,Repetition Generation Delay for Node 388 at Satellite,,,"140.93056605747","24.93056605747"
General-177-20260718-16:44:22-5623,vector,Florasat_Individual_Sats.satellite[0].dlkDSL.mac,Message Generation Delay for Node 388 at Satellite,,,"140.93056605747","24.93056605747"
General-177-20260718-16:44:22-5623,vector,Florasat_Individual_Sats.satellite[0].dlkDSL.mac,Repetition Position for Node 673 at Satellite,,,"142.46453564584 153.66520172188 259.87156786112 273.80926634622 284.91999313323","180 180 180 180 180"
General-177-20260718-16:44:22-5623,vector,Florasat_Individual_Sats.satellite[0].dlkDSL.mac,Repetition Generation Delay for Node 673 at Satellite,,,"142.46453564584 153.66520172188 259.87156786112 273.80926634622 284.91999313323","26.46453564584 37.66520172188 28.87156786112 42.80926634622 53.91999313323"
General-177-20260718-16:44:22-5623,vector,Florasat_Individual_Sats.satellite[0].dlkDSL.mac,Message Generation Delay for Node 673 at Satellite,,,"142.46453564584 259.87156786112","26.46453564584 28.87156786112"
General-177-20260718-16:44:22-5623,vector,Florasat_Individual_Sats.satellite[0].dlkDSL.mac,Repetition Position for Node 238 at Satellite,,,"144.50138663807","180"
General-177-20260718-16:44:22-5623,vector,Florasat_Individual_Sats.satellite[0].dlkDSL.mac,Repetition Generation Delay for Node 238 at Satellite,,,"144.50138663807","28.50138663807"
General-177-20260718-16:44:22-5623,vector,Florasat_Individual_Sats.satellite[0].dlkDSL.mac,Message Generation Delay for Node 238 at Satellite,,,"144.50138663807","28.50138663807"
General-177-20260718-16:44:22-5623,vector,Florasat_Individual_Sats.satellite[0].dlkDSL.mac,Repetition Position for Node 883 at Satellite,,,"145.79482622761","180"
General-177-20260718-16:44:22-5623,vector,Florasat_Individual_Sats.satellite[0].dlkDSL.mac,Repetition Generation Delay for Node 883 at Satellite,,,"145.79482622761","29.79482622761"
General-177-20260718-16:44:22-5623,vector,Florasat_Individual_Sats.satellite[0].dlkDSL.mac,Message Generation Delay for Node 883 at Satellite,,,"145.79482622761","29.79482622761"
General-177-20260718-16:44:22-5623,vector,Florasat_Individual_Sats.satellite[0].dlkDSL.mac,Repetition Position for Node 583 at Satellite,,,"150.53172725689 243.47206892416 399.04615637933","180 180 180"
General-177-20260718-16:44:22-5623,vector,Florasat_Individual_Sats.satellite[0].dlkDSL.mac,Repetition Generation Delay for Node 583 at Satellite,,,"150.53172725689 243.47206892416 399.04615637933","34.53172725689 12.47206892416 53.04615637933"
General-177-20260718-16:44:22-5623,vector,Florasat_Individual_Sats.satellite[0].dlkDSL.mac,Message Generation Delay for Node 583 at Satellite,,,"150.53172725689 243.47206892416 399.04615637933","34.53172725689 12.47206892416 53.04615637933"
General-177-20260718-16:44:22-5623,vector,Florasat_Individual_Sats.satellite[0].dlkDSL.mac,Repetition Position for Node 778 at Satellite,,,"154.28804015408 166.91429259971","180 180"
General-177-20260718-16:44:22-5623,vector,Florasat_Individual_Sats.satellite[0].dlkDSL.mac,Repetition Generation Delay for Node 778 at Satellite,,,"154.28804015408 166.91429259971","38.28804015408 50.91429259971"
General-177-20260718-16:44:22-5623,vector,Florasat_Individual_Sats.satellite[0].dlkDSL.mac,Message Generation Delay for Node 778 at Satellite,,,"154.28804015408","38.28804015408"
General-177-20260718-16:44:22-5623,vector,Florasat_Individual_Sats.satellite[0].dlkDSL.mac,Repetition Position for Node 823 at Satellite,,,"157.90633224244","180"
General-177-20260718-16:44:22-5623,vector,Florasat_Individual_Sats.satellite[0].dlkDSL.mac,Repetition Generation Delay for Node 823 at Satellite,,,"157.90633224244","41.90633224244"
General-177-20260718-16:44:22-5623,vector,Florasat_Individual_Sats.satellite[0].dlkDSL.mac,Message Generation Delay for Node 823 at Satellite,,,"157.90633224244","41.90633224244"
General-177-20260718-16:44:22-5623,vector,Florasat_Individual_Sats.satellite[0].dlkDSL.mac,Repetition Position for Node 253 at Satellite,,,"164.1600554068 357.76233972369","180 180"
General-177-20260718-16:44:22-5623,vector,Florasat_Individual_Sats.satellite[0].dlkDSL.mac,Repetition Generation Delay for Node 253 at Satellite,,,"164.1600554068 357.76233972369","48.1600554068 11.76233972369"
General-177-20260718-16:44:22-5623,vector,Florasat_Individual_Sats.satellite[0].dlkDSL.mac,Message Generation Delay for Node 253 at Satellite,,,"164.1600554068 357.76233972369","48.1600554068 11.76233972369"
General-177-20260718-16:44:22-5623,vector,Florasat_Individual_Sats.satellite[0].dlkDSL.mac,Repetition Position for Node 763 at Satellite,,,"172.09426932389","180"
General-177-20260718-16:44:22-5623,vector,Florasat_Individual_Sats.satellite[0].dlkDSL.mac,Repetition Generation Delay for Node 763 at Satellite,,,"172.09426932389","56.09426932389"
General-177-20260718-16:44:22-5623,vector,Florasat_Individual_Sats.satellite[0].dlkDSL.mac,Message Generation Delay for Node 763 at Satellite,,,"172.09426932389","56.09426932389"
General-177-20260718-16:44:22-5623,vector,Florasat_Individual_Sats.satellite[0].dlkDSL.mac,Repetition Position for Node 103 at Satellite,,,"241.65752558287 266.22463810158 276.47836050268 369.49299373379 380.13021750906 598.80881906131","180 180 180 180 180 180"
General-177-20260718-16:44:22-5623,vector,Florasat_Individual_Sats.satellite[0].dlkDSL.mac,Repetition Generation Delay for Node 103 at Satellite,,,"241.65752558287 266.22463810158 276.47836050268 369.49299373379 380.13021750906 598.80881906131","10.65752558287 35.22463810158 45.47836050268 23.49299373379 34.13021750906 22.80881906131"
General-177-20260718-16:44:22-5623,vector,Florasat_Individual_Sats.satellite[0].dlkDSL.mac,Message Generation Delay for Node 103 at Satellite,,,"241.65752558287 369.49299373379 598.80881906131","10.65752558287 23.49299373379 22.80881906131"
General-177-20260718-16:44:22-5623,vector,Florasat_Individual_Sats.satellite[0].dlkDSL.mac,Repetition Position for Node 298 at Satellite,,,"242.1161388852 253.40039677935 279.40932938031 398.04114121147","180 180 180 180"
General-177-20260718-16:44:22-5623,vector,Florasat_Individual_Sats.satellite[0].dlkDSL.mac,Repetition Generation Delay for Node 298 at Satellite,,,"242.1161388852 253.40039677935 279.40932938031 398.04114121147","11.1161388852 22.40039677935 48.40932938031 52.04114121147"
General-177-20260718-16:44:22-5623,vector,Florasat_Individual_Sats.satellite[0].dlkDSL.mac,Message Generation Delay for Node 298 at Satellite,,,"242.1161388852 398.04114121147","11.1161388852 52.04114121147"
General-177-20260718-16:44:22-5623,vector,Florasat_Individual_Sats.satellite[0].dlkDSL.mac,Repetition Position for Node 613 at Satellite,,,"255.34677603239 267.19402460338 277.43203087201 360.55982418129 370.64195798946","180 180 180 180 180"
General-177-20260718-16:44:22-5623,vector,Florasat_Individual_Sats.satellite[0].dlkDSL.mac,Repetition Generation Delay for Node 613 at Satellite,,,"255.34677603239 267.19402460338 277.43203087201 360.55982418129 370.64195798946","24.34677603239 36.19402460338 46.43203087201 14.55982418129 24.64195798946"
General-177-20260718-16:44:22-5623,vector,Florasat_Individual_Sats.satellite[0].dlkDSL.mac,Message Generation Delay for Node 613 at Satellite,,,"255.34677603239 360.55982418129","24.34677603239 14.55982418129"
General-177-20260718-16:44:22-5623,vector,Florasat_Individual_Sats.satellite[0].dlkDSL.mac,Repetition Position for Node 163 at Satellite,,,"260.20270902351","180"
General-177-20260718-16:44:22-5623,vector,Florasat_Individual_Sats.satellite[0].dlkDSL.mac,Repetition Generation Delay for Node 163 at Satellite,,,"260.20270902351","29.20270902351"
General-177-20260718-16:44:22-5623,vector,Florasat_Individual_Sats.satellite[0].dlkDSL.mac,Message Generation Delay for Node 163 at Satellite,,,"260.20270902351","29.20270902351"
General-177-20260718-16:44:22-5623,vector,Florasat_Individual_Sats.satellite[0].dlkDSL.mac,Repetition Position for Node 538 at Satellite,,,"273.62092403069 286.2382170379 404.69670120932","180 180 180"
General-177-20260718-16:44:22-5623,vector,Florasat_Individual_Sats.satellite[0].dlkDSL.mac,Repetition Generation Delay for Node 538 at Satellite,,,"273.62092403069 286.2382170379 404.69670120932","42.62092403069 55.2382170379 58.69670120932"
General-177-20260718-16:44:22-5623,vector,Florasat_Individual_Sats.satellite[0].dlkDSL.mac,Message Generation Delay for Node 538 at Satellite,,,"273.62092403069 404.69670120932","42.62092403069 58.69670120932"
General-177-20260718-16:44:22-5623,vector,Florasat_Individual_Sats.satellite[0].dlkDSL.mac,Repetition Position for Node 118 at Satellite,,,"279.18833717065 381.9771434829 392.71554790404 611.18454161113 621.25666839782","180 180 180 180 180"
General-177-20260718-16:44:22-5623,vector,Florasat_Individual_Sats.satellite[0].dlkDSL.mac,Repetition Generation Delay for Node 118 at Satellite,,,"279.18833717065 381.9771434829 392.71554790404 611.18454161113 621.25666839782","48.18833717065 35.9771434829 46.71554790404 35.18454161113 45.25666839782"
General-177-20260718-16:44:22-5623,vector,Florasat_Individual_Sats.satellite[0].dlkDSL.mac,Message Generation Delay for Node 118 at Satellite,,,"279.18833717065 381.9771434829 611.18454161113","48.18833717065 35.9771434829 35.18454161113"
General-177-20260718-16:44:22-5623,vector,Florasat_Individual_Sats.satellite[0].dlkDSL.mac,Repetition Position for Node 313 at Satellite,,,"283.52998930768","180"
General-177-20260718-16:44:22-5623,vector,Florasat_Individual_Sats.satellite[0].dlkDSL.mac,Repetition Generation Delay for Node 313 at Satellite,,,"283.52998930768","52.52998930768"
General-177-20260718-16:44:22-5623,vector,Florasat_Individual_Sats.satellite[0].dlkDSL.mac,Message Generation Delay for Node 313 at Satellite,,,"283.52998930768","52.52998930768"
General-177-20260718-16:44:22-5623,vector,Florasat_Individual_Sats.satellite[0].dlkDSL.mac,Repetition Position for Node 568 at Satellite,,,"283.7848730666","180"
General-177-20260718-16:44:22-5623,vector,Florasat_Individual_Sats.satellite[0].dlkDSL.mac,Repetition Generation Delay for Node 568 at Satellite,,,"283.7848730666","52.7848730666"
General-177-20260718-16:44:22-5623,vector,Florasat_Individual_Sats.satellite[0].dlkDSL.mac,Message Generation Delay for Node 568 at Satellite,,,"283.7848730666","52.7848730666"
General-177-20260718-16:44:22-5623,vector,Florasat_Individual_Sats.satellite[0].dlkDSL.mac,Repetition Position for Node 733 at Satellite,,,"284.18245567049","180"
General-177-20260718-16:44:22-5623,vector,Florasat_Individual_Sats.satellite[0].dlkDSL.mac,Repetition Generation Delay for Node 733 at Satellite,,,"284.18245567049","53.18245567049"
General-177-20260718-16:44:22-5623,vector,Florasat_Individual_Sats.satellite[0].dlkDSL.mac,Message Generation Delay for Node 733 at Satellite,,,"284.18245567049","53.18245567049"
General-177-20260718-16:44:22-5623,vector,Florasat_Individual_Sats.satellite[0].dlkDSL.mac,Repetition Position for Node 703 at Satellite,,,"285.57794485859 376.06295622898","180 180"
General-177-20260718-16:44:22-5623,vector,Florasat_Individual_Sats.satellite[0].dlkDSL.mac,Repetition Generation Delay for Node 703 at Satellite,,,"285.57794485859 376.06295622898","54.57794485859 30.06295622898"
General-177-20260718-16:44:22-5623,vector,Florasat_Individual_Sats.satellite[0].dlkDSL.mac,Message Generation Delay for Node 703 at Satellite,,,"285.57794485859 376.06295622898","54.57794485859 30.06295622898"
General-177-20260718-16:44:22-5623,vector,Florasat_Individual_Sats.satellite[0].dlkDSL.mac,Repetition Position for Node 748 at Satellite,,,"362.39541092715 623.84260692531","180 180"
General-177-20260718-16:44:22-5623,vector,Florasat_Individual_Sats.satellite[0].dlkDSL.mac,Repetition Generation Delay for Node 748 at Satellite,,,"362.39541092715 623.84260692531","16.39541092715 47.84260692531"
General-177-20260718-16:44:22-5623,vector,Florasat_Individual_Sats.satellite[0].dlkDSL.mac,Message Generation Delay for Node 748 at Satellite,,,"362.39541092715 623.84260692531","16.39541092715 47.84260692531"
General-177-20260718-16:44:22-5623,vector,Florasat_Individual_Sats.satellite[0].dlkDSL.mac,Repetition Position for Node 403 at Satellite,,,"381.73937470469","180"
General-177-20260718-16:44:22-5623,vector,Florasat_Individual_Sats.satellite[0].dlkDSL.mac,Repetition Generation Delay for Node 403 at Satellite,,,"381.73937470469","35.73937470469"
General-177-20260718-16:44:22-5623,vector,Florasat_Individual_Sats.satellite[0].dlkDSL.mac,Message Generation Delay for Node 403 at Satellite,,,"381.73937470469","35.73937470469"
General-177-20260718-16:44:22-5623,vector,Florasat_Individual_Sats.satellite[0].dlkDSL.mac,Repetition Position for Node 148 at Satellite,,,"395.50024718631 633.66291109196 727.44758559533","180 180 180"
General-177-20260718-16:44:22-5623,vector,Florasat_Individual_Sats.satellite[0].dlkDSL.mac,Repetition Generation Delay for Node 148 at Satellite,,,"395.50024718631 633.66291109196 727.44758559533","49.50024718631 57.66291109196 36.44758559533"
General-177-20260718-16:44:22-5623,vector,Florasat_Individual_Sats.satellite[0].dlkDSL.mac,Message Generation Delay for Node 148 at Satellite,,,"395.50024718631 633.66291109196 727.44758559533","49.50024718631 57.66291109196 36.44758559533"
General-177-20260718-16:44:22-5623,vector,Florasat_Individual_Sats.satellite[0].dlkDSL.mac,Repetition Position for Node 178 at Satellite,,,"400.56741526154 475.73633038615 489.54023540778 511.6914573213 606.29630974764 619.65816387245 634.19429205046 730.19321769466","180 180 180 180 180 180 180 180"
General-177-20260718-16:44:22-5623,vector,Florasat_Individual_Sats.satellite[0].dlkDSL.mac,Repetition Generation Delay for Node 178 at Satellite,,,"400.56741526154 475.73633038615 489.54023540778 511.6914573213 606.29630974764 619.65816387245 634.19429205046 730.19321769466","54.56741526154 14.73633038615 28.54023540778 50.6914573213 30.29630974764 43.65816387245 58.19429205046 39.19321769466"
General-177-20260718-16:44:22-5623,vector,Florasat_Individual_Sats.satellite[0].dlkDSL.mac,Message Generation Delay for Node 178 at Satellite,,,"400.56741526154 475.73633038615 606.29630974764 730.19321769466","54.56741526154 14.73633038615 30.29630974764 39.19321769466"
General-177-20260718-16:44:22-5623,vector,Florasat_Individual_Sats.satellite[0].dlkDSL.mac,Repetition Position for Node 208 at Satellite,,,"474.72251434954 486.25897159827 499.83005151762 513.91553144464","180 180 180 180"
General-177-20260718-16:44:22-5623,vector,Florasat_Individual_Sats.satellite[0].dlkDSL.mac,Repetition Generation Delay for Node 208 at Satellite,,,"474.72251434954 486.25897159827 499.83005151762 513.91553144464","13.72251434954 25.25897159827 38.83005151762 52.91553144464"
General-177-20260718-16:44:22-5623,vector,Florasat_Individual_Sats.satellite[0].dlkDSL.mac,Message Generation Delay for Node 208 at Satellite,,,"474.72251434954","13.72251434954"
General-177-20260718-16:44:22-5623,vector,Florasat_Individual_Sats.satellite[0].dlkDSL.mac,Repetition Position for Node 328 at Satellite,,,"483.65807380661 494.0287978134","180 180"
General-177-20260718-16:44:22-5623,vector,Florasat_Individual_Sats.satellite[0].dlkDSL.mac,Repetition Generation Delay for Node 328 at Satellite,,,"483.65807380661 494.0287978134","22.65807380661 33.0287978134"
General-177-20260718-16:44:22-5623,vector,Florasat_Individual_Sats.satellite[0].dlkDSL.mac,Message Generation Delay for Node 328 at Satellite,,,"483.65807380661","22.65807380661"
General-177-20260718-16:44:22-5623,vector,Florasat_Individual_Sats.satellite[0].dlkDSL.mac,Repetition Position for Node 223 at Satellite,,,"484.04336845738","180"
General-177-20260718-16:44:22-5623,vector,Florasat_Individual_Sats.satellite[0].dlkDSL.mac,Repetition Generation Delay for Node 223 at Satellite,,,"484.04336845738","23.04336845738"
General-177-20260718-16:44:22-5623,vector,Florasat_Individual_Sats.satellite[0].dlkDSL.mac,Message Generation Delay for Node 223 at Satellite,,,"484.04336845738","23.04336845738"
General-177-20260718-16:44:22-5623,vector,Florasat_Individual_Sats.satellite[0].dlkDSL.mac,Repetition Position for Node 193 at Satellite,,,"488.07085193441 501.91608782721 722.39001533625 736.11807301667","180 180 180 180"
General-177-20260718-16:44:22-5623,vector,Florasat_Individual_Sats.satellite[0].dlkDSL.mac,Repetition Generation Delay for Node 193 at Satellite,,,"488.07085193441 501.91608782721 722.39001533625 736.11807301667","27.07085193441 40.91608782721 31.39001533625 45.11807301667"
General-177-20260718-16:44:22-5623,vector,Florasat_Individual_Sats.satellite[0].dlkDSL.mac,Message Generation Delay for Node 193 at Satellite,,,"488.07085193441 722.39001533625","27.07085193441 31.39001533625"
General-177-20260718-16:44:22-5623,vector,Florasat_Individual_Sats.satellite[0].dlkDSL.mac,Repetition Position for Node 598 at Satellite,,,"490.57443687892","180"
General-177-20260718-16:44:22-5623,vector,Florasat_Individual_Sats.satellite[0].dlkDSL.mac,Repetition Generation Delay for Node 598 at Satellite,,,"490.57443687892","29.57443687892"
General-177-20260718-16:44:22-5623,vector,Florasat_Individual_Sats.satellite[0].dlkDSL.mac,Message Generation Delay for Node 598 at Satellite,,,"490.57443687892","29.57443687892"
General-177-20260718-16:44:22-5623,vector,Florasat_Individual_Sats.satellite[0].dlkDSL.mac,Repetition Position for Node 643 at Satellite,,,"492.68779457899 507.5360597228","180 180"
General-177-20260718-16:44:22-5623,vector,Florasat_Individual_Sats.satellite[0].dlkDSL.mac,Repetition Generation Delay for Node 643 at Satellite,,,"492.68779457899 507.5360597228","31.68779457899 46.5360597228"
General-177-20260718-16:44:22-5623,vector,Florasat_Individual_Sats.satellite[0].dlkDSL.mac,Message Generation Delay for Node 643 at Satellite,,,"492.68779457899","31.68779457899"
General-177-20260718-16:44:22-5623,vector,Florasat_Individual_Sats.satellite[0].dlkDSL.mac,Repetition Position for Node 508 at Satellite,,,"494.87355171855 509.49942334125 618.46078402655 632.605396554 702.79134709122 717.59605242721 731.84308481602 742.54035763525","180 180 180 180 180 180 180 180"
General-177-20260718-16:44:22-5623,vector,Florasat_Individual_Sats.satellite[0].dlkDSL.mac,Repetition Generation Delay for Node 508 at Satellite,,,"494.87355171855 509.49942334125 618.46078402655 632.605396554 702.79134709122 717.59605242721 731.84308481602 742.54035763525","33.87355171855 48.49942334125 42.46078402655 56.605396554 11.79134709122 26.59605242721 40.84308481602 51.54035763525"
General-177-20260718-16:44:22-5623,vector,Florasat_Individual_Sats.satellite[0].dlkDSL.mac,Message Generation Delay for Node 508 at Satellite,,,"494.87355171855 618.46078402655 702.79134709122","33.87355171855 42.46078402655 11.79134709122"
General-177-20260718-16:44:22-5623,vector,Florasat_Individual_Sats.satellite[0].dlkDSL.mac,Repetition Position for Node 268 at Satellite,,,"512.94716242342","180"
General-177-20260718-16:44:22-5623,vector,Florasat_Individual_Sats.satellite[0].dlkDSL.mac,Repetition Generation Delay for Node 268 at Satellite,,,"512.94716242342","51.94716242342"
General-177-20260718-16:44:22-5623,vector,Florasat_Individual_Sats.satellite[0].dlkDSL.mac,Message Generation Delay for Node 268 at Satellite,,,"512.94716242342","51.94716242342"
General-177-20260718-16:44:22-5623,vector,Florasat_Individual_Sats.satellite[0].dlkDSL.mac,Repetition Position for Node 838 at Satellite,,,"612.06854619369 623.56570215597","180 180"
General-177-20260718-16:44:22-5623,vector,Florasat_Individual_Sats.satellite[0].dlkDSL.mac,Repetition Generation Delay for Node 838 at Satellite,,,"612.06854619369 623.56570215597","36.06854619369 47.56570215597"
General-177-20260718-16:44:22-5623,vector,Florasat_Individual_Sats.satellite[0].dlkDSL.mac,Message Generation Delay for Node 838 at Satellite,,,"612.06854619369","36.06854619369"
General-177-20260718-16:44:22-5623,vector,Florasat_Individual_Sats.satellite[0].dlkDSL.mac,Repetition Position for Node 958 at Satellite,,,"628.66896949712 707.62785801644 719.5745820585 734.46447451346 748.31999312135","180 180 180 180 180"
General-177-20260718-16:44:22-5623,vector,Florasat_Individual_Sats.satellite[0].dlkDSL.mac,Repetition Generation Delay for Node 958 at Satellite,,,"628.66896949712 707.62785801644 719.5745820585 734.46447451346 748.31999312135","52.66896949712 16.62785801644 28.5745820585 43.46447451346 57.31999312135"
General-177-20260718-16:44:22-5623,vector,Florasat_Individual_Sats.satellite[0].dlkDSL.mac,Message Generation Delay for Node 958 at Satellite,,,"628.66896949712 707.62785801644","52.66896949712 16.62785801644"
