pid,time,srcId,dstId,srcSat,dstSat,latDev,longDev,loraTP,loraCF,loraSF,loraBW,loraCR,satId,elevSat,doppler,rcvOk,minPowerdBm,sensitivitydBm,duration
18109, 4.23207, 44, -1,-1,-1,49.4502,28.6106,0.025119,8.68e+08,11,125000,1,0,-6.78724,14812.5,0,-137.774,-135,0.790528
18116, 6.07794, 11, -1,-1,-1,56.2255,39.0326,0.019953,8.68e+08,11,125000,1,0,-13.7277,14667.6,0,-140.611,-135,0.790528
18128, 8.90819, 51, -1,-1,-1,41.7747,27.0798,0.019953,8.68e+08,10,125000,1,0,-1.19675,12666.7,0,-137.21,-133,0.436224
18130, 9.02201, 21, -1,-1,-1,40.9645,-8.5141,0.025119,8.68e+08,10,125000,1,0,5.34504,18928.3,0,-134.362,-133,0.436224
18137, 9.4952, 17, -1,-1,-1,50.4369,1.49897,0.025119,8.68e+08,10,125000,1,0,-2.10753,19117.2,0,-136.462,-133,0.436224
18144, 10.0865, 37, -1,-1,-1,40.3343,23.9949,0.019953,8.68e+08,10,125000,1,0,1.56083,12883.9,0,-136.428,-133,0.436224
18151, 11.6249, 10, -1,-1,-1,29.4098,30.7973,0.025119,8.68e+08,11,125000,1,0,1.94042,4695.1,0,-135.327,-135,0.790528
18163, 12.7239, 45, -1,-1,-1,49.9029,23.105,0.019953,8.68e+08,10,125000,1,0,-4.84793,15776.1,0,-138.235,-133,0.436224
18165, 13.5187, 0, -1,-1,-1,51.7361,-0.026708,0.019953,8.68e+08,12,125000,1,0,-3.22199,19151.3,0,-137.777,-137,1.58106
18173, 17.0916, 56, -1,-1,-1,36.4152,15.8389,0.015849,8.68e+08,12,125000,1,0,10.8065,13763.5,1,-134.884,-137,1.58106
18181, 20.445, 32, -1,-1,-1,49.6026,12.0142,0.025119,8.68e+08,12,125000,1,0,-1.47637,17698.4,1,-136.285,-137,1.58106
18188, 21.6375, 6, -1,-1,-1,58.9738,20.0075,0.015849,8.68e+08,11,125000,1,0,-10.1588,17132.6,0,-140.685,-135,0.790528
18196, 25.3094, 50, -1,-1,-1,40.4643,15.6624,0.015849,8.68e+08,12,125000,1,0,6.83151,15118.3,1,-135.953,-137,1.58106
18204, 28.2981, 54, -1,-1,-1,30.9253,-17.3255,0.025119,8.68e+08,11,125000,1,0,8.31561,13231.4,1,-133.555,-135,0.790528
18216, 35.0652, 43, -1,-1,-1,54.5524,26.8506,0.025119,8.68e+08,11,125000,1,0,-8.18313,15527.7,0,-138.156,-135,0.790528
18218, 35.7722, 33, -1,-1,-1,49.3596,17.3742,0.025119,8.68e+08,11,125000,1,0,-1.67088,16378.8,0,-136.342,-135,0.790528
18230, 36.8759, 38, -1,-1,-1,47.1253,14.8343,0.019953,8.68e+08,11,125000,1,0,1.10671,16560,0,-136.555,-135,0.790528
18232, 37.201, 30, -1,-1,-1,51.346,20.6395,0.025119,8.68e+08,10,125000,1,0,-4.10125,16015.3,0,-137.028,-133,0.436224
18239, 38.122, 52, -1,-1,-1,41.051,31.0723,0.025119,8.68e+08,11,125000,1,0,-2.12529,10461.2,0,-136.476,-135,0.790528
18251, 39.7076, 23, -1,-1,-1,53.0062,10.0407,0.019953,8.68e+08,11,125000,1,0,-3.2251,17864.9,0,-137.78,-135,0.790528
18258, 40.5206, 15, -1,-1,-1,46.7969,4.21538,0.019953,8.68e+08,11,125000,1,0,3.48245,18463,0,-135.883,-135,0.790528
18260, 40.5357, 48, -1,-1,-1,57.3116,13.7703,0.025119,8.68e+08,12,125000,1,0,-7.24668,17533.1,0,-137.9,-137,1.58106
18267, 43.6695, 4, -1,-1,-1,40.6395,14.0986,0.015849,8.68e+08,11,125000,1,0,8.64845,15332.9,0,-135.459,-135,0.790528
18275, 46.8501, 19, -1,-1,-1,40.3205,0.588055,0.019953,8.68e+08,11,125000,1,0,12.4329,18660.3,1,-133.461,-135,0.790528
18283, 48.1767, 16, -1,-1,-1,43.8883,3.77517,0.025119,8.68e+08,11,125000,1,0,7.56587,18495.8,1,-133.751,-135,0.790528
18290, 50.3699, 5, -1,-1,-1,51.653,6.84979,0.019953,8.68e+08,12,125000,1,0,-1.152,18330.9,0,-137.194,-137,1.58106
18427, 51.7467, 47, -1,-1,-1,59.6848,5.90413,0.025119,8.68e+08,10,125000,1,0,-7.95278,18346.4,0,-138.093,-133,0.436224
18429, 51.7517, 39, -1,-1,-1,46.3585,20.6488,0.025119,8.68e+08,10,125000,1,0,0.46998,14859.3,0,-135.738,-133,0.436224
18431, 51.9057, 41, -1,-1,-1,58.9447,24.7869,0.019953,8.68e+08,10,125000,1,0,-9.79915,16359.6,0,-139.592,-133,0.436224
18438, 56.2709, 31, -1,-1,-1,55.0638,20.9219,0.019953,8.68e+08,11,125000,1,0,-6.10779,16381.9,0,-138.588,-135,0.790528
18456, 58.4105, 20, -1,-1,-1,37.7832,-8.57338,0.025119,8.68e+08,11,125000,1,0,12.9639,17592.7,1,-132.329,-135,0.790528
18458, 59.2724, 13, -1,-1,-1,57.4045,-2.13985,0.025119,8.68e+08,12,125000,1,0,-5.89649,18820.4,0,-137.528,-137,1.58106
18461, 59.3624, 57, -1,-1,-1,35.1334,32.3829,0.025119,8.68e+08,12,125000,1,0,-0.162245,6348.18,1,-135.924,-137,1.58106
18468, 60.709, 9, -1,-1,-1,37.2684,22.3544,0.025119,8.68e+08,10,125000,1,0,7.07977,10268,0,-133.891,-133,0.436224
18480, 62.3983, 42, -1,-1,-1,57.1189,24.7167,0.019953,8.68e+08,11,125000,1,0,-8.18643,16219.5,0,-139.159,-135,0.790528
18487, 62.5578, 49, -1,-1,-1,43.8032,8.72835,0.015849,8.68e+08,11,125000,1,0,8.06946,17416.3,0,-135.616,-135,0.790528
18494, 63.2021, 58, -1,-1,-1,61.7645,-5.43467,0.015849,8.68e+08,10,125000,1,0,-9.34985,18889,0,-140.472,-133,0.436224
18496, 63.2518, 8, -1,-1,-1,61.3309,10.2038,0.019953,8.68e+08,11,125000,1,0,-8.95771,18091.8,0,-139.366,-135,0.790528
18508, 64.4089, 2, -1,-1,-1,53.8973,12.9091,0.019953,8.68e+08,10,125000,1,0,-3.1467,17586.8,0,-137.76,-133,0.436224
18511, 65.564, 18, -1,-1,-1,41.9067,2.75874,0.025119,8.68e+08,12,125000,1,0,11.7847,18417.9,1,-132.629,-137,1.58106
18518, 66.9603, 35, -1,-1,-1,45.324,25.6373,0.025119,8.68e+08,10,125000,1,0,-0.453226,13075.5,0,-136.002,-133,0.436224
18526, 70.5417, 12, -1,-1,-1,54.0125,-2.20325,0.025119,8.68e+08,12,125000,1,0,-2.35208,19039.1,1,-136.536,-137,1.58106
18533, 73.5657, 3, -1,-1,-1,39.6293,-3.01936,0.015849,8.68e+08,10,125000,1,0,15.2364,18422.5,0,-133.76,-133,0.436224
18540, 75.4631, 7, -1,-1,-1,47.5287,14.1315,0.025119,8.68e+08,10,125000,1,0,3.08641,16398.1,0,-134.998,-133,0.436224
18547, 76.135, 28, -1,-1,-1,55.5274,12.17,0.019953,8.68e+08,10,125000,1,0,-3.85364,17609.9,0,-137.96,-133,0.436224
18559, 77.0997, 46, -1,-1,-1,55.4077,29.1524,0.015849,8.68e+08,10,125000,1,0,-7.74847,15008.1,0,-140.042,-133,0.436224
18562, 77.3272, 55, -1,-1,-1,28.545,-14.7042,0.025119,8.68e+08,11,125000,1,0,15.6855,9738.96,1,-131.657,-135,0.790528
18574, 79.0038, 53, -1,-1,-1,63.8649,-23.3273,0.015849,8.68e+08,10,125000,1,0,-12.5573,18562.8,0,-141.316,-133,0.436224
18581, 79.377, 59, -1,-1,-1,71.322,19.6111,0.015849,8.68e+08,12,125000,1,0,-16.0494,17251.1,0,-142.189,-137,1.58106
18588, 80.898, 40, -1,-1,-1,59.6531,25.5232,0.019953,8.68e+08,12,125000,1,0,-9.30521,16153.7,0,-139.462,-137,1.58106
18590, 81.2979, 24, -1,-1,-1,46.9164,13.1641,0.025119,8.68e+08,10,125000,1,0,4.37292,16611.5,0,-134.637,-133,0.436224
18598, 83.5901, 27, -1,-1,-1,50.6668,1.96293,0.019953,8.68e+08,12,125000,1,0,1.95524,18862.6,1,-136.316,-137,1.58106
18610, 86.6026, 1, -1,-1,-1,49.4368,4.27868,0.019953,8.68e+08,11,125000,1,0,3.51483,18520.4,0,-135.877,-135,0.790528
18612, 86.7377, 29, -1,-1,-1,51.379,21.3808,0.015849,8.68e+08,11,125000,1,0,-2.14896,15552.9,0,-138.482,-135,0.790528
18620, 88.0489, 36, -1,-1,-1,43.1935,22.9088,0.025119,8.68e+08,11,125000,1,0,3.43761,12443.9,1,-134.904,-135,0.790528
18628, 89.4061, 26, -1,-1,-1,47.2539,7.35879,0.025119,8.68e+08,11,125000,1,0,5.93952,17822.1,1,-134.201,-135,0.790528
18636, 95.3664, 25, -1,-1,-1,46.9154,7.53486,0.025119,8.68e+08,11,125000,1,0,6.73993,17631.8,1,-133.981,-135,0.790528
18643, 96.8437, 44, -1,-1,-1,49.4502,28.6106,0.025119,8.68e+08,11,125000,1,0,-3.29214,13291.8,0,-136.807,-135,0.790528
18650, 100.007, 51, -1,-1,-1,41.7747,27.0798,0.019953,8.68e+08,10,125000,1,0,2.10136,10143,0,-136.283,-133,0.436224
18657, 100.864, 14, -1,-1,-1,53.3792,-8.1221,0.019953,8.68e+08,10,125000,1,0,-0.8124,19266.3,0,-137.103,-133,0.436224
18785, 101.596, 21, -1,-1,-1,40.9645,-8.5141,0.025119,8.68e+08,10,125000,1,0,12.8371,18129.3,1,-132.364,-133,0.436224
18792, 104.444, 37, -1,-1,-1,40.3343,23.9949,0.019953,8.68e+08,10,125000,1,0,5.37416,10153.6,0,-135.365,-133,0.436224
18800, 107.846, 34, -1,-1,-1,47.501,16.7741,0.015849,8.68e+08,12,125000,1,0,3.89126,15395.8,1,-136.775,-137,1.58106
18812, 108.825, 11, -1,-1,-1,56.2255,39.0326,0.019953,8.68e+08,11,125000,1,0,-10.3468,13675.3,0,-139.744,-135,0.790528
18814, 109.248, 22, -1,-1,-1,51.1856,7.59913,0.025119,8.68e+08,10,125000,1,0,2.736,17969.4,0,-135.098,-133,0.436224
18826, 110.973, 10, -1,-1,-1,29.4098,30.7973,0.025119,8.68e+08,11,125000,1,0,2.81215,562.761,0,-135.087,-135,0.790528
18828, 111.744, 6, -1,-1,-1,58.9738,20.0075,0.015849,8.68e+08,11,125000,1,0,-6.34164,16743.2,0,-139.657,-135,0.790528
18836, 115.178, 56, -1,-1,-1,36.4152,15.8389,0.015849,8.68e+08,12,125000,1,0,17.1253,9633.29,1,-133.311,-137,1.58106
18848, 116.517, 45, -1,-1,-1,49.9029,23.105,0.019953,8.68e+08,10,125000,1,0,-0.349547,14294.6,0,-136.975,-133,0.436224
18850, 116.676, 17, -1,-1,-1,50.4369,1.49897,0.025119,8.68e+08,10,125000,1,0,4.44087,18656.6,0,-134.62,-133,0.436224
18858, 120.471, 50, -1,-1,-1,40.4643,15.6624,0.015849,8.68e+08,12,125000,1,0,12.8387,12364.3,1,-134.366,-137,1.58106
18866, 122.283, 0, -1,-1,-1,51.7361,-0.026708,0.019953,8.68e+08,12,125000,1,0,3.20379,18978.4,1,-135.967,-137,1.58106
18874, 128.613, 32, -1,-1,-1,49.6026,12.0142,0.025119,8.68e+08,12,125000,1,0,4.6549,16775.3,1,-134.562,-137,1.58106
18881, 130.317, 43, -1,-1,-1,54.5524,26.8506,0.025119,8.68e+08,11,125000,1,0,-4.39017,14779.1,0,-137.117,-135,0.790528
18894, 134.148, 48, -1,-1,-1,57.3116,13.7703,0.025119,8.68e+08,12,125000,1,0,-2.82449,17320.3,1,-136.675,-137,1.58106
18897, 134.286, 54, -1,-1,-1,30.9253,-17.3255,0.025119,8.68e+08,11,125000,1,0,14.0858,8974.33,1,-132.056,-135,0.790528
18904, 135.695, 23, -1,-1,-1,53.0062,10.0407,0.019953,8.68e+08,11,125000,1,0,1.9972,17477,0,-136.309,-135,0.790528
18917, 137.318, 15, -1,-1,-1,46.7969,4.21538,0.019953,8.68e+08,11,125000,1,0,10.6518,17887,1,-133.931,-135,0.790528
18919, 137.829, 52, -1,-1,-1,41.051,31.0723,0.025119,8.68e+08,11,125000,1,0,0.709223,7803.94,0,-135.681,-135,0.790528
18931, 141.142, 30, -1,-1,-1,51.346,20.6395,0.025119,8.68e+08,10,125000,1,0,0.697092,15083.3,0,-135.68,-133,0.436224
18934, 141.914, 16, -1,-1,-1,43.8883,3.77517,0.025119,8.68e+08,11,125000,1,0,15.9028,17657.9,1,-131.602,-135,0.790528
18946, 142.988, 47, -1,-1,-1,59.6848,5.90413,0.025119,8.68e+08,10,125000,1,0,-3.51313,18418.6,0,-136.869,-133,0.436224
18953, 143.755, 38, -1,-1,-1,47.1253,14.8343,0.019953,8.68e+08,11,125000,1,0,7.28261,15217.5,0,-134.838,-135,0.790528
18955, 143.921, 33, -1,-1,-1,49.3596,17.3742,0.025119,8.68e+08,11,125000,1,0,3.88604,15216.2,0,-134.78,-135,0.790528
18963, 148.049, 5, -1,-1,-1,51.653,6.84979,0.019953,8.68e+08,12,125000,1,0,4.7179,17924.7,1,-135.545,-137,1.58106
18971, 150.291, 13, -1,-1,-1,57.4045,-2.13985,0.025119,8.68e+08,12,125000,1,0,-1.05239,18970.9,1,-136.174,-137,1.58106
19114, 151.636, 4, -1,-1,-1,40.6395,14.0986,0.015849,8.68e+08,11,125000,1,0,16.2311,11983,1,-133.527,-135,0.790528
19116, 151.787, 9, -1,-1,-1,37.2684,22.3544,0.025119,8.68e+08,10,125000,1,0,10.3898,6311.69,0,-133.008,-133,0.436224
19118, 152.051, 39, -1,-1,-1,46.3585,20.6488,0.025119,8.68e+08,10,125000,1,0,5.31175,12907.8,0,-134.384,-133,0.436224
19120, 152.208, 31, -1,-1,-1,55.0638,20.9219,0.019953,8.68e+08,11,125000,1,0,-1.81719,15696.5,0,-137.393,-135,0.790528
19132, 155.677, 19, -1,-1,-1,40.3205,0.588055,0.019953,8.68e+08,11,125000,1,0,25.7143,16984.7,0,-130.441,-135,0.790528
19139, 155.933, 20, -1,-1,-1,37.7832,-8.57338,0.025119,8.68e+08,11,125000,1,0,23.7555,15457.3,0,-129.84,-135,0.790528
19141, 156.294, 41, -1,-1,-1,58.9447,24.7869,0.019953,8.68e+08,10,125000,1,0,-5.52471,15762.2,0,-138.435,-133,0.436224
19148, 158.146, 35, -1,-1,-1,45.324,25.6373,0.025119,8.68e+08,10,125000,1,0,3.14096,10835.6,0,-134.993,-133,0.436224
19160, 160.719, 8, -1,-1,-1,61.3309,10.2038,0.019953,8.68e+08,11,125000,1,0,-4.41693,17803.5,0,-138.124,-135,0.790528
19168, 161.433, 18, -1,-1,-1,41.9067,2.75874,0.025119,8.68e+08,12,125000,1,0,22.4001,16823.3,1,-130.123,-137,1.58106
19170, 162.354, 57, -1,-1,-1,35.1334,32.3829,0.025119,8.68e+08,12,125000,1,0,1.39333,2966.34,0,-135.491,-137,1.58106
19177, 162.886, 58, -1,-1,-1,61.7645,-5.43467,0.015849,8.68e+08,10,125000,1,0,-4.49458,19058.9,0,-139.146,-133,0.436224
19189, 165.87, 2, -1,-1,-1,53.8973,12.9091,0.019953,8.68e+08,10,125000,1,0,2.23327,16924.7,0,-136.246,-133,0.436224
19192, 166.194, 49, -1,-1,-1,43.8032,8.72835,0.015849,8.68e+08,11,125000,1,0,16.7473,15518.6,1,-133.402,-135,0.790528
19204, 167.766, 42, -1,-1,-1,57.1189,24.7167,0.019953,8.68e+08,11,125000,1,0,-3.80197,15403.8,0,-137.954,-135,0.790528
19207, 168.22, 12, -1,-1,-1,54.0125,-2.20325,0.025119,8.68e+08,12,125000,1,0,3.55703,18995.7,1,-134.872,-137,1.58106
19215, 171.231, 55, -1,-1,-1,28.545,-14.7042,0.025119,8.68e+08,11,125000,1,0,19.9872,3904.97,1,-130.657,-135,0.790528
19227, 173.01, 40, -1,-1,-1,59.6531,25.5232,0.019953,8.68e+08,12,125000,1,0,-5.53885,15730.9,0,-138.44,-137,1.58106
19229, 173.101, 7, -1,-1,-1,47.5287,14.1315,0.025119,8.68e+08,10,125000,1,0,9.07088,14838.8,0,-133.356,-133,0.436224
19241, 174.926, 46, -1,-1,-1,55.4077,29.1524,0.015849,8.68e+08,10,125000,1,0,-3.96082,14049.2,0,-139,-133,0.436224
19244, 174.964, 24, -1,-1,-1,46.9164,13.1641,0.025119,8.68e+08,10,125000,1,0,10.4453,14847,1,-132.99,-133,0.436224
19252, 176.838, 3, -1,-1,-1,39.6293,-3.01936,0.015849,8.68e+08,10,125000,1,0,29.6545,16460.7,1,-130.698,-133,0.436224
19259, 177.286, 53, -1,-1,-1,63.8649,-23.3273,0.015849,8.68e+08,10,125000,1,0,-8.11536,18823.3,0,-140.148,-133,0.436224
19271, 178.868, 28, -1,-1,-1,55.5274,12.17,0.019953,8.68e+08,10,125000,1,0,1.53713,17034.1,0,-136.444,-133,0.436224
19274, 180.181, 27, -1,-1,-1,50.6668,1.96293,0.019953,8.68e+08,12,125000,1,0,8.74691,18275.1,1,-134.442,-137,1.58106
19281, 182.13, 59, -1,-1,-1,71.322,19.6111,0.015849,8.68e+08,12,125000,1,0,-11.9759,17568,0,-141.174,-137,1.58106
19289, 187.619, 25, -1,-1,-1,46.9154,7.53486,0.025119,8.68e+08,11,125000,1,0,14.0956,16473.1,1,-132.052,-135,0.790528
19297, 190.275, 1, -1,-1,-1,49.4368,4.27868,0.019953,8.68e+08,11,125000,1,0,11.2244,17752.5,1,-133.786,-135,0.790528
19315, 192.362, 36, -1,-1,-1,43.1935,22.9088,0.025119,8.68e+08,11,125000,1,0,7.79562,9138.39,1,-133.706,-135,0.790528
19318, 192.546, 21, -1,-1,-1,40.9645,-8.5141,0.025119,8.68e+08,10,125000,1,0,23.0447,16328.3,1,-129.992,-133,0.436224
19320, 192.751, 29, -1,-1,-1,51.379,21.3808,0.015849,8.68e+08,11,125000,1,0,2.80954,13942.8,0,-137.088,-135,0.790528
19327, 194.48, 14, -1,-1,-1,53.3792,-8.1221,0.019953,8.68e+08,10,125000,1,0,5.20884,19034.7,0,-135.413,-133,0.436224
19340, 198.021, 26, -1,-1,-1,47.2539,7.35879,0.025119,8.68e+08,11,125000,1,0,14.5599,16288.6,1,-131.937,-135,0.790528
19343, 199.066, 34, -1,-1,-1,47.501,16.7741,0.015849,8.68e+08,12,125000,1,0,9.12078,13324.5,1,-135.346,-137,1.58106
19475, 201.54, 44, -1,-1,-1,49.4502,28.6106,0.025119,8.68e+08,11,125000,1,0,0.607801,11455,0,-135.713,-135,0.790528
19477, 202.021, 10, -1,-1,-1,29.4098,30.7973,0.025119,8.68e+08,11,125000,1,0,2.43779,-2968.19,0,-135.197,-135,0.790528
19484, 202.537, 51, -1,-1,-1,41.7747,27.0798,0.019953,8.68e+08,10,125000,1,0,5.25282,6902.58,0,-135.408,-133,0.436224
19491, 203.875, 37, -1,-1,-1,40.3343,23.9949,0.019953,8.68e+08,10,125000,1,0,8.69891,6243.24,0,-134.463,-133,0.436224
19504, 205.56, 56, -1,-1,-1,36.4152,15.8389,0.015849,8.68e+08,12,125000,1,0,21.5356,4031.33,1,-132.318,-137,1.58106
19506, 206.177, 11, -1,-1,-1,56.2255,39.0326,0.019953,8.68e+08,11,125000,1,0,-7.16608,12644,0,-138.894,-135,0.790528
19514, 207.009, 17, -1,-1,-1,50.4369,1.49897,0.025119,8.68e+08,10,125000,1,0,11.4467,18245.2,1,-132.729,-133,0.436224
19526, 215.61, 45, -1,-1,-1,49.9029,23.105,0.019953,8.68e+08,10,125000,1,0,4.09225,12340.5,0,-135.73,-133,0.436224
19528, 215.903, 22, -1,-1,-1,51.1856,7.59913,0.025119,8.68e+08,10,125000,1,0,10.107,16907,0,-133.082,-133,0.436224
19535, 218.871, 6, -1,-1,-1,58.9738,20.0075,0.015849,8.68e+08,11,125000,1,0,-1.44517,15946,0,-138.293,-135,0.790528
19548, 223.585, 32, -1,-1,-1,49.6026,12.0142,0.025119,8.68e+08,12,125000,1,0,11.023,15283.8,1,-132.843,-137,1.58106
19555, 224.244, 48, -1,-1,-1,57.3116,13.7703,0.025119,8.68e+08,12,125000,1,0,1.90697,16818.2,0,-135.343,-137,1.58106
19563, 225.454, 50, -1,-1,-1,40.4643,15.6624,0.015849,8.68e+08,12,125000,1,0,19.229,7474.78,1,-132.832,-137,1.58106
19565, 226.015, 0, -1,-1,-1,51.7361,-0.026708,0.019953,8.68e+08,12,125000,1,0,11.058,18467.4,0,-133.832,-137,1.58106
19573, 227.631, 15, -1,-1,-1,46.7969,4.21538,0.019953,8.68e+08,11,125000,1,0,19.6189,16606.8,1,-131.74,-135,0.790528
19581, 229.762, 54, -1,-1,-1,30.9253,-17.3255,0.025119,8.68e+08,11,125000,1,0,17.6384,3188.46,1,-131.202,-135,0.790528
19588, 231.418, 43, -1,-1,-1,54.5524,26.8506,0.025119,8.68e+08,11,125000,1,0,-0.237539,13341.1,0,-135.954,-135,0.790528
19595, 234.338, 52, -1,-1,-1,41.051,31.0723,0.025119,8.68e+08,11,125000,1,0,2.72994,4520.56,0,-135.118,-135,0.790528
19602, 235.545, 30, -1,-1,-1,51.346,20.6395,0.025119,8.68e+08,10,125000,1,0,5.33289,13141.2,0,-134.385,-133,0.436224
19615, 242.453, 23, -1,-1,-1,53.0062,10.0407,0.019953,8.68e+08,11,125000,1,0,8.89981,16497.1,1,-134.407,-135,0.790528
19618, 242.619, 5, -1,-1,-1,51.653,6.84979,0.019953,8.68e+08,12,125000,1,0,11.7129,16985.4,1,-133.664,-137,1.58106
19626, 244.531, 16, -1,-1,-1,43.8883,3.77517,0.025119,8.68e+08,11,125000,1,0,29.3513,14925.7,1,-128.759,-135,0.790528
19639, 245.407, 38, -1,-1,-1,47.1253,14.8343,0.019953,8.68e+08,11,125000,1,0,13.9075,12398.3,1,-133.107,-135,0.790528
19642, 245.652, 9, -1,-1,-1,37.2684,22.3544,0.025119,8.68e+08,10,125000,1,0,12.177,1358.75,1,-132.55,-133,0.436224
19649, 246.694, 41, -1,-1,-1,58.9447,24.7869,0.019953,8.68e+08,10,125000,1,0,-1.61079,15006,0,-137.343,-133,0.436224
19657, 247.881, 33, -1,-1,-1,49.3596,17.3742,0.025119,8.68e+08,11,125000,1,0,9.75178,12793,1,-133.182,-135,0.790528
19665, 248.952, 4, -1,-1,-1,40.6395,14.0986,0.015849,8.68e+08,11,125000,1,0,22.708,6557.73,1,-132.07,-135,0.790528
19682, 249.858, 20, -1,-1,-1,37.7832,-8.57338,0.025119,8.68e+08,11,125000,1,0,38.2482,10239.8,0,-127.309,-135,0.790528
19684, 249.945, 19, -1,-1,-1,40.3205,0.588055,0.019953,8.68e+08,11,125000,1,0,46.2009,12728.6,0,-127.267,-135,0.790528
19812, 251.108, 13, -1,-1,-1,57.4045,-2.13985,0.025119,8.68e+08,12,125000,1,0,5.33782,18796.4,1,-134.382,-137,1.58106
19814, 251.499, 47, -1,-1,-1,59.6848,5.90413,0.025119,8.68e+08,10,125000,1,0,2.55769,18000.2,0,-135.162,-133,0.436224
19821, 253.834, 31, -1,-1,-1,55.0638,20.9219,0.019953,8.68e+08,11,125000,1,0,3.06764,14267.7,0,-136.02,-135,0.790528
19829, 255.641, 18, -1,-1,-1,41.9067,2.75874,0.025119,8.68e+08,12,125000,1,0,38.8856,13072.4,1,-127.216,-137,1.58106
19837, 261.741, 39, -1,-1,-1,46.3585,20.6488,0.025119,8.68e+08,10,125000,1,0,10.502,9407.78,1,-132.986,-133,0.436224
19844, 263.229, 35, -1,-1,-1,45.324,25.6373,0.025119,8.68e+08,10,125000,1,0,6.77539,7439.21,0,-133.992,-133,0.436224
19851, 264.089, 58, -1,-1,-1,61.7645,-5.43467,0.015849,8.68e+08,10,125000,1,0,1.20068,19058.6,0,-137.547,-133,0.436224
19858, 265.16, 46, -1,-1,-1,55.4077,29.1524,0.015849,8.68e+08,10,125000,1,0,-0.420614,12735.1,0,-138.009,-133,0.436224
19875, 266.45, 8, -1,-1,-1,61.3309,10.2038,0.019953,8.68e+08,11,125000,1,0,1.14378,17547.1,0,-136.563,-135,0.790528
19882, 267.1, 57, -1,-1,-1,35.1334,32.3829,0.025119,8.68e+08,12,125000,1,0,1.71447,-1085.09,0,-135.407,-137,1.58106
19885, 267.261, 12, -1,-1,-1,54.0125,-2.20325,0.025119,8.68e+08,12,125000,1,0,11.1692,18594.4,1,-132.808,-137,1.58106
19887, 267.493, 42, -1,-1,-1,57.1189,24.7167,0.019953,8.68e+08,11,125000,1,0,0.576241,14127.1,0,-136.726,-135,0.790528
19895, 269.781, 49, -1,-1,-1,43.8032,8.72835,0.015849,8.68e+08,11,125000,1,0,27.8519,11053.1,1,-131.041,-135,0.790528
19907, 271.49, 2, -1,-1,-1,53.8973,12.9091,0.019953,8.68e+08,10,125000,1,0,8.75216,15408.3,0,-134.451,-133,0.436224
19909, 272.956, 59, -1,-1,-1,71.322,19.6111,0.015849,8.68e+08,12,125000,1,0,-8.14553,17384.8,0,-140.164,-137,1.58106
19917, 274.62, 27, -1,-1,-1,50.6668,1.96293,0.019953,8.68e+08,12,125000,1,0,17.615,17274.5,1,-132.207,-137,1.58106
19929, 276.71, 53, -1,-1,-1,63.8649,-23.3273,0.015849,8.68e+08,10,125000,1,0,-3.10509,18946.7,0,-138.767,-133,0.436224
19932, 276.894, 7, -1,-1,-1,47.5287,14.1315,0.025119,8.68e+08,10,125000,1,0,16.2112,11491,1,-131.544,-133,0.436224
19950, 279.26, 55, -1,-1,-1,28.545,-14.7042,0.025119,8.68e+08,11,125000,1,0,19.8643,-4395.14,1,-130.692,-135,0.790528
19953, 279.523, 3, -1,-1,-1,39.6293,-3.01936,0.015849,8.68e+08,10,125000,1,0,56.9961,9863.77,1,-127.198,-133,0.436224
19955, 280, 40, -1,-1,-1,59.6531,25.5232,0.019953,8.68e+08,12,125000,1,0,-0.917249,14546,0,-137.15,-137,1.58106
19962, 281.272, 28, -1,-1,-1,55.5274,12.17,0.019953,8.68e+08,10,125000,1,0,7.79729,16036.6,0,-134.71,-133,0.436224
19970, 282.961, 24, -1,-1,-1,46.9164,13.1641,0.025119,8.68e+08,10,125000,1,0,18.3954,11283.2,1,-131.028,-133,0.436224
19977, 285.21, 14, -1,-1,-1,53.3792,-8.1221,0.019953,8.68e+08,10,125000,1,0,12.7032,18733.5,0,-133.414,-133,0.436224
19984, 287.96, 29, -1,-1,-1,51.379,21.3808,0.015849,8.68e+08,11,125000,1,0,7.41092,11640.8,0,-135.818,-135,0.790528
19992, 289.66, 26, -1,-1,-1,47.2539,7.35879,0.025119,8.68e+08,11,125000,1,0,24.1764,13560.1,1,-129.766,-135,0.790528
20005, 293.112, 1, -1,-1,-1,49.4368,4.27868,0.019953,8.68e+08,11,125000,1,0,21.7976,15794.5,1,-131.266,-135,0.790528
20008, 293.243, 21, -1,-1,-1,40.9645,-8.5141,0.025119,8.68e+08,10,125000,1,0,40.0153,11246,1,-127.062,-133,0.436224
20016, 294.632, 36, -1,-1,-1,43.1935,22.9088,0.025119,8.68e+08,11,125000,1,0,10.9853,4453.15,1,-132.864,-135,0.790528
20023, 295.553, 10, -1,-1,-1,29.4098,30.7973,0.025119,8.68e+08,11,125000,1,0,0.978506,-6496.32,0,-135.614,-135,0.790528
20031, 297.03, 25, -1,-1,-1,46.9154,7.53486,0.025119,8.68e+08,11,125000,1,0,25.6284,12770.7,1,-129.474,-135,0.790528
20168, 304.425, 34, -1,-1,-1,47.501,16.7741,0.015849,8.68e+08,12,125000,1,0,15.2933,9539.11,0,-133.77,-137,1.58106
20171, 304.629, 44, -1,-1,-1,49.4502,28.6106,0.025119,8.68e+08,11,125000,1,0,4.08759,8446.37,1,-134.741,-135,0.790528
20174, 305.602, 56, -1,-1,-1,36.4152,15.8389,0.015849,8.68e+08,12,125000,1,0,21.6702,-3635.32,1,-132.299,-137,1.58106
20186, 307.034, 11, -1,-1,-1,56.2255,39.0326,0.019953,8.68e+08,11,125000,1,0,-3.98482,11011.7,0,-138.02,-135,0.790528
20189, 307.465, 17, -1,-1,-1,50.4369,1.49897,0.025119,8.68e+08,10,125000,1,0,22.3294,16697.5,1,-130.154,-133,0.436224
20201, 310.678, 37, -1,-1,-1,40.3343,23.9949,0.019953,8.68e+08,10,125000,1,0,10.4221,756.136,0,-134.014,-133,0.436224
20203, 310.942, 51, -1,-1,-1,41.7747,27.0798,0.019953,8.68e+08,10,125000,1,0,7.19333,2070.99,0,-134.882,-133,0.436224
20211, 314.344, 48, -1,-1,-1,57.3116,13.7703,0.025119,8.68e+08,12,125000,1,0,7.26777,15522.4,1,-133.858,-137,1.58106
20224, 316.675, 32, -1,-1,-1,49.6026,12.0142,0.025119,8.68e+08,12,125000,1,0,18.2551,12131,1,-131.064,-137,1.58106
20226, 316.702, 6, -1,-1,-1,58.9738,20.0075,0.015849,8.68e+08,11,125000,1,0,3.4401,14714.9,0,-136.921,-135,0.790528
20233, 318.177, 45, -1,-1,-1,49.9029,23.105,0.019953,8.68e+08,10,125000,1,0,8.48777,9043.78,0,-134.53,-133,0.436224
20241, 320.195, 0, -1,-1,-1,51.7361,-0.026708,0.019953,8.68e+08,12,125000,1,0,21.0854,17059.2,1,-131.424,-137,1.58106
20249, 321.878, 22, -1,-1,-1,51.1856,7.59913,0.025119,8.68e+08,10,125000,1,0,19.6568,14699.2,1,-130.743,-133,0.436224
20262, 326.51, 43, -1,-1,-1,54.5524,26.8506,0.025119,8.68e+08,11,125000,1,0,3.65503,11274.5,1,-134.864,-135,0.790528
20265, 327.29, 50, -1,-1,-1,40.4643,15.6624,0.015849,8.68e+08,12,125000,1,0,22.1847,128.604,1,-132.19,-137,1.58106
20273, 331.099, 15, -1,-1,-1,46.7969,4.21538,0.019953,8.68e+08,11,125000,1,0,34.5485,12359.7,1,-128.882,-135,0.790528
20285, 332.233, 30, -1,-1,-1,51.346,20.6395,0.025119,8.68e+08,10,125000,1,0,10.0937,10184.2,0,-133.101,-133,0.436224
20293, 333.567, 54, -1,-1,-1,30.9253,-17.3255,0.025119,8.68e+08,11,125000,1,0,17.3243,-4220.49,1,-131.283,-135,0.790528
20296, 333.626, 5, -1,-1,-1,51.653,6.84979,0.019953,8.68e+08,12,125000,1,0,20.3575,14708.2,1,-131.587,-137,1.58106
20304, 341.93, 23, -1,-1,-1,53.0062,10.0407,0.019953,8.68e+08,11,125000,1,0,16.8122,14187.2,1,-132.406,-135,0.790528
20317, 343.503, 19, -1,-1,-1,40.3205,0.588055,0.019953,8.68e+08,11,125000,1,0,75.4963,1225.13,1,-125.134,-135,0.790528
20319, 343.742, 52, -1,-1,-1,41.051,31.0723,0.025119,8.68e+08,11,125000,1,0,3.67199,264.929,0,-134.862,-135,0.790528
20332, 344.898, 16, -1,-1,-1,43.8883,3.77517,0.025119,8.68e+08,11,125000,1,0,48.3893,7475.2,1,-126.032,-135,0.790528
20339, 345.314, 33, -1,-1,-1,49.3596,17.3742,0.025119,8.68e+08,11,125000,1,0,15.2088,8922.99,0,-131.796,-135,0.790528
20341, 345.911, 38, -1,-1,-1,47.1253,14.8343,0.019953,8.68e+08,11,125000,1,0,20.237,7357.54,0,-131.618,-135,0.790528
20358, 348.21, 31, -1,-1,-1,55.0638,20.9219,0.019953,8.68e+08,11,125000,1,0,7.82761,12087.8,0,-134.71,-135,0.790528
20361, 348.432, 4, -1,-1,-1,40.6395,14.0986,0.015849,8.68e+08,11,125000,1,0,25.0279,-1374.65,1,-131.602,-135,0.790528
20363, 348.637, 41, -1,-1,-1,58.9447,24.7869,0.019953,8.68e+08,10,125000,1,0,3.01858,13321.7,0,-136.044,-133,0.436224
20491, 351.325, 13, -1,-1,-1,57.4045,-2.13985,0.025119,8.68e+08,12,125000,1,0,13.6262,18170.7,1,-132.187,-137,1.58106
20499, 352.212, 9, -1,-1,-1,37.2684,22.3544,0.025119,8.68e+08,10,125000,1,0,11.3093,-4684.18,1,-132.784,-133,0.436224
20507, 353.892, 20, -1,-1,-1,37.7832,-8.57338,0.025119,8.68e+08,11,125000,1,0,47.8655,-1867.14,1,-126.091,-135,0.790528
20515, 357.785, 18, -1,-1,-1,41.9067,2.75874,0.025119,8.68e+08,12,125000,1,0,60.9185,1919.3,1,-124.904,-137,1.58106
20522, 359.072, 47, -1,-1,-1,59.6848,5.90413,0.025119,8.68e+08,10,125000,1,0,9.97703,16983.2,0,-133.132,-133,0.436224
20529, 361.603, 46, -1,-1,-1,55.4077,29.1524,0.015849,8.68e+08,10,125000,1,0,3.24783,10482.2,0,-136.982,-133,0.436224
20537, 362.256, 2, -1,-1,-1,53.8973,12.9091,0.019953,8.68e+08,10,125000,1,0,15.2317,13068.8,1,-132.791,-133,0.436224
20544, 364.531, 59, -1,-1,-1,71.322,19.6111,0.015849,8.68e+08,12,125000,1,0,-3.98433,17218.9,0,-139.022,-137,1.58106
20551, 365.564, 35, -1,-1,-1,45.324,25.6373,0.025119,8.68e+08,10,125000,1,0,8.98349,2744.92,0,-133.402,-133,0.436224
20559, 367.384, 39, -1,-1,-1,46.3585,20.6488,0.025119,8.68e+08,10,125000,1,0,14.146,3979.66,1,-132.062,-133,0.436224
20567, 369.001, 49, -1,-1,-1,43.8032,8.72835,0.015849,8.68e+08,11,125000,1,0,36.6757,2493.13,1,-129.556,-135,0.790528
20574, 370.045, 53, -1,-1,-1,63.8649,-23.3273,0.015849,8.68e+08,10,125000,1,0,2.35523,18950.3,0,-137.232,-133,0.436224
20587, 371.194, 8, -1,-1,-1,61.3309,10.2038,0.019953,8.68e+08,11,125000,1,0,7.65164,16478.8,1,-134.759,-135,0.790528
20590, 371.54, 7, -1,-1,-1,47.5287,14.1315,0.025119,8.68e+08,10,125000,1,0,22.1832,6204.96,1,-130.195,-133,0.436224
20602, 372.586, 42, -1,-1,-1,57.1189,24.7167,0.019953,8.68e+08,11,125000,1,0,5.31656,11777.9,0,-135.404,-135,0.790528
20605, 373.17, 57, -1,-1,-1,35.1334,32.3829,0.025119,8.68e+08,12,125000,1,0,0.673802,-5015.7,1,-135.708,-137,1.58106
20612, 373.635, 58, -1,-1,-1,61.7645,-5.43467,0.015849,8.68e+08,10,125000,1,0,8.91583,18645.2,0,-135.417,-133,0.436224
20620, 376.618, 12, -1,-1,-1,54.0125,-2.20325,0.025119,8.68e+08,12,125000,1,0,23.4878,17018.4,1,-129.917,-137,1.58106
20633, 377.856, 55, -1,-1,-1,28.545,-14.7042,0.025119,8.68e+08,11,125000,1,0,15.1705,-10414.6,1,-131.803,-135,0.790528
20636, 378.216, 14, -1,-1,-1,53.3792,-8.1221,0.019953,8.68e+08,10,125000,1,0,23.7862,17382.7,1,-130.856,-133,0.436224
20649, 380.438, 26, -1,-1,-1,47.2539,7.35879,0.025119,8.68e+08,11,125000,1,0,35.0851,7382.39,1,-127.803,-135,0.790528
20657, 381.115, 27, -1,-1,-1,50.6668,1.96293,0.019953,8.68e+08,12,125000,1,0,32.7607,13806.3,1,-129.18,-137,1.58106
20659, 382.051, 40, -1,-1,-1,59.6531,25.5232,0.019953,8.68e+08,12,125000,1,0,3.69238,12921.5,0,-135.858,-137,1.58106
20667, 383.491, 3, -1,-1,-1,39.6293,-3.01936,0.015849,8.68e+08,10,125000,1,0,70.8958,-5354.96,1,-126.323,-133,0.436224
20675, 385.887, 24, -1,-1,-1,46.9164,13.1641,0.025119,8.68e+08,10,125000,1,0,24.9114,4682.44,1,-129.629,-133,0.436224
20688, 386.369, 28, -1,-1,-1,55.5274,12.17,0.019953,8.68e+08,10,125000,1,0,15.4063,13385.7,1,-132.75,-133,0.436224
20700, 386.838, 29, -1,-1,-1,51.379,21.3808,0.015849,8.68e+08,11,125000,1,0,11.786,7786.73,0,-134.664,-135,0.790528
20707, 387.202, 36, -1,-1,-1,43.1935,22.9088,0.025119,8.68e+08,11,125000,1,0,11.9132,-545.41,0,-132.632,-135,0.790528
20710, 387.546, 25, -1,-1,-1,46.9154,7.53486,0.025119,8.68e+08,11,125000,1,0,36.1277,6347.81,1,-127.642,-135,0.790528
20713, 387.582, 21, -1,-1,-1,40.9645,-8.5141,0.025119,8.68e+08,10,125000,1,0,53.9192,390.229,1,-125.481,-133,0.436224
20721, 388.99, 1, -1,-1,-1,49.4368,4.27868,0.019953,8.68e+08,11,125000,1,0,35.8103,11219,1,-128.69,-135,0.790528
20729, 398.739, 44, -1,-1,-1,49.4502,28.6106,0.025119,8.68e+08,11,125000,1,0,6.44965,4600.93,1,-134.094,-135,0.790528
20856, 402.054, 51, -1,-1,-1,41.7747,27.0798,0.019953,8.68e+08,10,125000,1,0,7.18896,-2144.46,0,-134.891,-133,0.436224
20863, 404.984, 10, -1,-1,-1,29.4098,30.7973,0.025119,8.68e+08,11,125000,1,0,-1.71392,-9482.43,0,-136.381,-135,0.790528
20871, 407.081, 34, -1,-1,-1,47.501,16.7741,0.015849,8.68e+08,12,125000,1,0,19.5935,3306.78,1,-132.769,-137,1.58106
20884, 408.82, 17, -1,-1,-1,50.4369,1.49897,0.025119,8.68e+08,10,125000,1,0,39.5914,12178.1,1,-127.135,-133,0.436224
20887, 410.179, 32, -1,-1,-1,49.6026,12.0142,0.025119,8.68e+08,12,125000,1,0,25.3112,6728.59,1,-129.552,-137,1.58106
20895, 413.095, 56, -1,-1,-1,36.4152,15.8389,0.015849,8.68e+08,12,125000,1,0,16.3856,-10359.4,1,-133.516,-137,1.58106
20902, 414.605, 11, -1,-1,-1,56.2255,39.0326,0.019953,8.68e+08,11,125000,1,0,-0.92386,8451.79,0,-137.166,-135,0.790528
20914, 416.807, 37, -1,-1,-1,40.3343,23.9949,0.019953,8.68e+08,10,125000,1,0,9.46913,-4851.31,0,-134.276,-133,0.436224
20917, 417.913, 48, -1,-1,-1,57.3116,13.7703,0.025119,8.68e+08,12,125000,1,0,14.3133,12836.2,1,-132.024,-137,1.58106
20925, 420.193, 22, -1,-1,-1,51.1856,7.59913,0.025119,8.68e+08,10,125000,1,0,30.5708,9299.04,1,-128.563,-133,0.436224
20938, 422.904, 0, -1,-1,-1,51.7361,-0.026708,0.019953,8.68e+08,12,125000,1,0,38.5803,13426.3,1,-128.28,-137,1.58106
20940, 422.942, 45, -1,-1,-1,49.9029,23.105,0.019953,8.68e+08,10,125000,1,0,11.8022,4352.28,0,-133.664,-133,0.436224
20947, 424.552, 6, -1,-1,-1,58.9738,20.0075,0.015849,8.68e+08,11,125000,1,0,9.22724,12336.5,0,-135.341,-135,0.790528
20955, 425.92, 15, -1,-1,-1,46.7969,4.21538,0.019953,8.68e+08,11,125000,1,0,49.1881,3198.91,1,-126.956,-135,0.790528
20963, 427.539, 50, -1,-1,-1,40.4643,15.6624,0.015849,8.68e+08,12,125000,1,0,19.4954,-7105.14,1,-132.793,-137,1.58106
20976, 430.189, 30, -1,-1,-1,51.346,20.6395,0.025119,8.68e+08,10,125000,1,0,14.0493,5569.63,1,-132.093,-133,0.436224
20979, 430.95, 43, -1,-1,-1,54.5524,26.8506,0.025119,8.68e+08,11,125000,1,0,7.48145,7696.8,1,-133.814,-135,0.790528
20992, 434.917, 54, -1,-1,-1,30.9253,-17.3255,0.025119,8.68e+08,11,125000,1,0,13.1097,-10089.4,1,-132.323,-135,0.790528
20994, 435.395, 52, -1,-1,-1,41.051,31.0723,0.025119,8.68e+08,11,125000,1,0,3.15338,-3590.12,0,-135.014,-135,0.790528
21002, 437.984, 5, -1,-1,-1,51.653,6.84979,0.019953,8.68e+08,12,125000,1,0,32.6002,8973.4,1,-129.215,-137,1.58106
21020, 441.956, 13, -1,-1,-1,57.4045,-2.13985,0.025119,8.68e+08,12,125000,1,0,24.4143,16778,1,-129.735,-137,1.58106
21023, 442.467, 38, -1,-1,-1,47.1253,14.8343,0.019953,8.68e+08,11,125000,1,0,23.1731,314.144,1,-130.994,-135,0.790528
21025, 442.706, 4, -1,-1,-1,40.6395,14.0986,0.015849,8.68e+08,11,125000,1,0,21.1397,-8286.54,0,-132.429,-135,0.790528
21037, 443.64, 41, -1,-1,-1,58.9447,24.7869,0.019953,8.68e+08,10,125000,1,0,7.35274,10848.6,0,-134.85,-133,0.436224
21040, 443.902, 33, -1,-1,-1,49.3596,17.3742,0.025119,8.68e+08,11,125000,1,0,18.9557,2965.12,1,-130.919,-135,0.790528
21053, 444.948, 19, -1,-1,-1,40.3205,0.588055,0.019953,8.68e+08,11,125000,1,0,47.9463,-12182.2,1,-127.093,-135,0.790528
21055, 445.125, 9, -1,-1,-1,37.2684,22.3544,0.025119,8.68e+08,10,125000,1,0,8.4365,-8863.04,0,-133.554,-133,0.436224
21068, 445.948, 20, -1,-1,-1,37.7832,-8.57338,0.025119,8.68e+08,11,125000,1,0,35.7569,-11407.1,1,-127.704,-135,0.790528
21070, 446.023, 31, -1,-1,-1,55.0638,20.9219,0.019953,8.68e+08,11,125000,1,0,12.4864,8360.39,0,-133.49,-135,0.790528
21083, 448.35, 18, -1,-1,-1,41.9067,2.75874,0.025119,8.68e+08,12,125000,1,0,48.3501,-9879,1,-126.049,-137,1.58106
21086, 448.798, 16, -1,-1,-1,43.8883,3.77517,0.025119,8.68e+08,11,125000,1,0,50.2358,-6186.89,1,-125.849,-135,0.790528
21214, 451.569, 23, -1,-1,-1,53.0062,10.0407,0.019953,8.68e+08,11,125000,1,0,26.6625,8494.72,1,-130.29,-135,0.790528
21221, 456.062, 59, -1,-1,-1,71.322,19.6111,0.015849,8.68e+08,12,125000,1,0,0.582751,16501.9,0,-137.742,-137,1.58106
21229, 458.942, 47, -1,-1,-1,59.6848,5.90413,0.025119,8.68e+08,10,125000,1,0,18.9399,14903.9,1,-130.922,-133,0.436224
21236, 462.728, 35, -1,-1,-1,45.324,25.6373,0.025119,8.68e+08,10,125000,1,0,9.10956,-2150.89,0,-133.377,-133,0.436224
21243, 465.351, 53, -1,-1,-1,63.8649,-23.3273,0.015849,8.68e+08,10,125000,1,0,9.22714,18618.5,0,-135.345,-133,0.436224
21256, 467.033, 57, -1,-1,-1,35.1334,32.3829,0.025119,8.68e+08,12,125000,1,0,-1.18131,-7819.06,1,-136.237,-137,1.58106
21259, 467.154, 8, -1,-1,-1,61.3309,10.2038,0.019953,8.68e+08,11,125000,1,0,14.8718,14545.5,1,-132.891,-135,0.790528
21266, 469.572, 46, -1,-1,-1,55.4077,29.1524,0.015849,8.68e+08,10,125000,1,0,6.72542,6620.42,0,-136.025,-133,0.436224
21274, 470.266, 2, -1,-1,-1,53.8973,12.9091,0.019953,8.68e+08,10,125000,1,0,23.0055,7403.09,1,-131.032,-133,0.436224
21292, 473.023, 26, -1,-1,-1,47.2539,7.35879,0.025119,8.68e+08,11,125000,1,0,39.1647,-2314.41,1,-127.204,-135,0.790528
21294, 473.131, 49, -1,-1,-1,43.8032,8.72835,0.015849,8.68e+08,11,125000,1,0,32.4552,-8074.28,0,-130.244,-135,0.790528
21296, 473.147, 42, -1,-1,-1,57.1189,24.7167,0.019953,8.68e+08,11,125000,1,0,9.52803,8268.16,0,-134.267,-135,0.790528
21304, 473.828, 39, -1,-1,-1,46.3585,20.6488,0.025119,8.68e+08,10,125000,1,0,14.6055,-2610.87,1,-131.959,-133,0.436224
21317, 476.643, 14, -1,-1,-1,53.3792,-8.1221,0.019953,8.68e+08,10,125000,1,0,44.177,13503,1,-127.539,-133,0.436224
21325, 477.675, 58, -1,-1,-1,61.7645,-5.43467,0.015849,8.68e+08,10,125000,1,0,19.2424,17577.9,1,-132.855,-133,0.436224
21328, 477.727, 27, -1,-1,-1,50.6668,1.96293,0.019953,8.68e+08,12,125000,1,0,51.4966,5489.85,1,-126.724,-137,1.58106
21336, 478.802, 7, -1,-1,-1,47.5287,14.1315,0.025119,8.68e+08,10,125000,1,0,24.1111,-2319.52,1,-129.804,-133,0.436224
21349, 479.916, 1, -1,-1,-1,49.4368,4.27868,0.019953,8.68e+08,11,125000,1,0,47.5843,1639.11,1,-127.139,-135,0.790528
21362, 480.442, 12, -1,-1,-1,54.0125,-2.20325,0.025119,8.68e+08,12,125000,1,0,43.8146,12400,1,-126.584,-137,1.58106
21365, 480.525, 28, -1,-1,-1,55.5274,12.17,0.019953,8.68e+08,10,125000,1,0,22.6867,8942.03,1,-131.1,-133,0.436224
21373, 480.721, 55, -1,-1,-1,28.545,-14.7042,0.025119,8.68e+08,11,125000,1,0,8.84829,-14244.2,1,-133.437,-135,0.790528
21376, 481.035, 21, -1,-1,-1,40.9645,-8.5141,0.025119,8.68e+08,10,125000,1,0,41.3099,-10668.2,1,-126.908,-133,0.436224
21384, 485.463, 24, -1,-1,-1,46.9164,13.1641,0.025119,8.68e+08,10,125000,1,0,25.4021,-3618.01,1,-129.543,-133,0.436224
21392, 486.981, 25, -1,-1,-1,46.9154,7.53486,0.025119,8.68e+08,11,125000,1,0,37.7583,-4332.37,1,-127.409,-135,0.790528
21400, 488.467, 3, -1,-1,-1,39.6293,-3.01936,0.015849,8.68e+08,10,125000,1,0,36.6323,-15234.3,1,-129.575,-133,0.436224
21413, 490.291, 29, -1,-1,-1,51.379,21.3808,0.015849,8.68e+08,11,125000,1,0,14.538,2058.61,1,-133.978,-135,0.790528
21416, 490.316, 40, -1,-1,-1,59.6531,25.5232,0.019953,8.68e+08,12,125000,1,0,8.46586,9577.23,1,-134.553,-137,1.58106
21428, 496.094, 36, -1,-1,-1,43.1935,22.9088,0.025119,8.68e+08,11,125000,1,0,10.1144,-6402.75,0,-133.112,-135,0.790528
21430, 496.369, 44, -1,-1,-1,49.4502,28.6106,0.025119,8.68e+08,11,125000,1,0,7.4558,132.476,0,-133.828,-135,0.790528
21437, 496.859, 51, -1,-1,-1,41.7747,27.0798,0.019953,8.68e+08,10,125000,1,0,5.59306,-6457.46,0,-135.338,-133,0.436224
21564, 505.799, 11, -1,-1,-1,56.2255,39.0326,0.019953,8.68e+08,11,125000,1,0,1.13689,5812.34,0,-136.591,-135,0.790528
21576, 509.466, 10, -1,-1,-1,29.4098,30.7973,0.025119,8.68e+08,11,125000,1,0,-4.83525,-11650.6,0,-137.26,-135,0.790528
21579, 510.342, 34, -1,-1,-1,47.501,16.7741,0.015849,8.68e+08,12,125000,1,0,19.3118,-4113.88,1,-132.845,-137,1.58106
21587, 514.098, 17, -1,-1,-1,50.4369,1.49897,0.025119,8.68e+08,10,125000,1,0,57.3062,115.604,1,-125.203,-133,0.436224
21600, 516.187, 32, -1,-1,-1,49.6026,12.0142,0.025119,8.68e+08,12,125000,1,0,27.7384,-2392.23,1,-129.093,-137,1.58106
21602, 516.61, 37, -1,-1,-1,40.3343,23.9949,0.019953,8.68e+08,10,125000,1,0,6.57679,-9089.38,0,-135.067,-133,0.436224
21610, 518.4, 56, -1,-1,-1,36.4152,15.8389,0.015849,8.68e+08,12,125000,1,0,9.65059,-14159.1,1,-135.232,-137,1.58106
21618, 518.902, 22, -1,-1,-1,51.1856,7.59913,0.025119,8.68e+08,10,125000,1,0,37.3102,-92.7646,1,-127.48,-133,0.436224
21626, 523.745, 48, -1,-1,-1,57.3116,13.7703,0.025119,8.68e+08,12,125000,1,0,21.6132,7832.01,1,-130.335,-137,1.58106
21634, 525.433, 0, -1,-1,-1,51.7361,-0.026708,0.019953,8.68e+08,12,125000,1,0,61.1713,2466.57,1,-125.908,-137,1.58106
21646, 528.903, 45, -1,-1,-1,49.9029,23.105,0.019953,8.68e+08,10,125000,1,0,12.5313,-1698.66,0,-133.488,-133,0.436224
21649, 529.131, 6, -1,-1,-1,58.9738,20.0075,0.015849,8.68e+08,11,125000,1,0,14.5861,8007.5,1,-133.97,-135,0.790528
21657, 529.639, 30, -1,-1,-1,51.346,20.6395,0.025119,8.68e+08,10,125000,1,0,15.5523,-465.165,1,-131.733,-133,0.436224
21664, 533.437, 52, -1,-1,-1,41.051,31.0723,0.025119,8.68e+08,11,125000,1,0,1.42304,-7060.84,0,-135.508,-135,0.790528
21681, 534.952, 19, -1,-1,-1,40.3205,0.588055,0.019953,8.68e+08,11,125000,1,0,27.4959,-16840,0,-130.138,-135,0.790528
21683, 535.128, 43, -1,-1,-1,54.5524,26.8506,0.025119,8.68e+08,11,125000,1,0,9.93561,2829.54,0,-133.165,-135,0.790528
21691, 535.301, 15, -1,-1,-1,46.7969,4.21538,0.019953,8.68e+08,11,125000,1,0,40.5099,-9919.24,1,-128.024,-135,0.790528
21694, 536.808, 50, -1,-1,-1,40.4643,15.6624,0.015849,8.68e+08,12,125000,1,0,12.9629,-12504.6,1,-134.374,-137,1.58106
21702, 539.311, 54, -1,-1,-1,30.9253,-17.3255,0.025119,8.68e+08,11,125000,1,0,7.33372,-13884.5,1,-133.852,-135,0.790528
21709, 539.976, 41, -1,-1,-1,58.9447,24.7869,0.019953,8.68e+08,10,125000,1,0,11.1827,6743.82,0,-133.837,-133,0.436224
21726, 541.122, 9, -1,-1,-1,37.2684,22.3544,0.025119,8.68e+08,10,125000,1,0,4.47112,-11910.1,0,-134.65,-133,0.436224
21729, 541.635, 18, -1,-1,-1,41.9067,2.75874,0.025119,8.68e+08,12,125000,1,0,28.7021,-15615.1,1,-128.913,-137,1.58106
21732, 541.68, 23, -1,-1,-1,53.0062,10.0407,0.019953,8.68e+08,11,125000,1,0,31.3951,897.867,1,-129.434,-135,0.790528
21745, 544.273, 16, -1,-1,-1,43.8883,3.77517,0.025119,8.68e+08,11,125000,1,0,32.039,-14018.9,1,-128.322,-135,0.790528
21748, 545.407, 5, -1,-1,-1,51.653,6.84979,0.019953,8.68e+08,12,125000,1,0,38.8145,-1667.38,1,-128.263,-137,1.58106
21766, 547.578, 31, -1,-1,-1,55.0638,20.9219,0.019953,8.68e+08,11,125000,1,0,15.628,2709.7,1,-132.716,-135,0.790528
21774, 548.092, 59, -1,-1,-1,71.322,19.6111,0.015849,8.68e+08,12,125000,1,0,5.71479,15474.6,1,-136.31,-137,1.58106
21776, 548.145, 4, -1,-1,-1,40.6395,14.0986,0.015849,8.68e+08,11,125000,1,0,13.7754,-13260,0,-134.17,-135,0.790528
21784, 548.466, 20, -1,-1,-1,37.7832,-8.57338,0.025119,8.68e+08,11,125000,1,0,20.8485,-16249.9,1,-130.5,-135,0.790528
21787, 549.728, 13, -1,-1,-1,57.4045,-2.13985,0.025119,8.68e+08,12,125000,1,0,45.5,11223.1,1,-126.388,-137,1.58106
21915, 551.284, 38, -1,-1,-1,47.1253,14.8343,0.019953,8.68e+08,11,125000,1,0,19.9438,-7740.84,1,-131.706,-135,0.790528
21923, 552.431, 33, -1,-1,-1,49.3596,17.3742,0.025119,8.68e+08,11,125000,1,0,18.3231,-4698.34,1,-131.076,-135,0.790528
21930, 555.925, 53, -1,-1,-1,63.8649,-23.3273,0.015849,8.68e+08,10,125000,1,0,17.9784,17510.2,0,-133.156,-133,0.436224
21938, 561.451, 47, -1,-1,-1,59.6848,5.90413,0.025119,8.68e+08,10,125000,1,0,30.5713,10179.3,1,-128.58,-133,0.436224
21945, 562.609, 46, -1,-1,-1,55.4077,29.1524,0.015849,8.68e+08,10,125000,1,0,8.50515,2506.3,0,-135.55,-133,0.436224
21953, 563.403, 26, -1,-1,-1,47.2539,7.35879,0.025119,8.68e+08,11,125000,1,0,30.7382,-10454.5,1,-128.551,-135,0.790528
21960, 564.892, 35, -1,-1,-1,45.324,25.6373,0.025119,8.68e+08,10,125000,1,0,7.13232,-6878.17,0,-133.921,-133,0.436224
21968, 566.19, 42, -1,-1,-1,57.1189,24.7167,0.019953,8.68e+08,11,125000,1,0,12.2578,3823.95,1,-133.562,-135,0.790528
21976, 567.08, 39, -1,-1,-1,46.3585,20.6488,0.025119,8.68e+08,10,125000,1,0,12.0797,-7620.13,1,-132.606,-133,0.436224
21984, 570.94, 7, -1,-1,-1,47.5287,14.1315,0.025119,8.68e+08,10,125000,1,0,20.0953,-8714.67,1,-130.675,-133,0.436224
21992, 572.734, 8, -1,-1,-1,61.3309,10.2038,0.019953,8.68e+08,11,125000,1,0,24.0313,9875.57,1,-130.831,-135,0.790528
22005, 574.334, 1, -1,-1,-1,49.4368,4.27868,0.019953,8.68e+08,11,125000,1,0,40.0499,-9187.32,1,-128.093,-135,0.790528
22008, 574.355, 2, -1,-1,-1,53.8973,12.9091,0.019953,8.68e+08,10,125000,1,0,26.1903,-952.82,1,-130.398,-133,0.436224
22021, 575.471, 24, -1,-1,-1,46.9164,13.1641,0.025119,8.68e+08,10,125000,1,0,20.338,-9961.79,1,-130.621,-133,0.436224
22028, 576.249, 57, -1,-1,-1,35.1334,32.3829,0.025119,8.68e+08,12,125000,1,0,-4.04799,-10489.9,0,-137.048,-137,1.58106
22031, 576.281, 28, -1,-1,-1,55.5274,12.17,0.019953,8.68e+08,10,125000,1,0,27.2932,1326.94,1,-130.185,-133,0.436224
22039, 578.846, 14, -1,-1,-1,53.3792,-8.1221,0.019953,8.68e+08,10,125000,1,0,81.9197,1153.49,1,-124.995,-133,0.436224
22051, 580.641, 55, -1,-1,-1,28.545,-14.7042,0.025119,8.68e+08,11,125000,1,0,3.00947,-16220.8,0,-135.051,-135,0.790528
22054, 581.421, 40, -1,-1,-1,59.6531,25.5232,0.019953,8.68e+08,12,125000,1,0,11.6732,5378.38,1,-133.714,-137,1.58106
22067, 582.612, 49, -1,-1,-1,43.8032,8.72835,0.015849,8.68e+08,11,125000,1,0,20.4789,-14196.4,1,-132.589,-135,0.790528
22070, 583.667, 12, -1,-1,-1,54.0125,-2.20325,0.025119,8.68e+08,12,125000,1,0,68.0179,151.474,1,-124.492,-137,1.58106
22083, 584.47, 25, -1,-1,-1,46.9154,7.53486,0.025119,8.68e+08,11,125000,1,0,27.2518,-12104.8,1,-129.192,-135,0.790528
22091, 585.008, 58, -1,-1,-1,61.7645,-5.43467,0.015849,8.68e+08,10,125000,1,0,36.9022,14447.4,1,-129.548,-133,0.436224
22094, 585.896, 27, -1,-1,-1,50.6668,1.96293,0.019953,8.68e+08,12,125000,1,0,47.1746,-8295.86,1,-127.198,-137,1.58106
22102, 594.859, 36, -1,-1,-1,43.1935,22.9088,0.025119,8.68e+08,11,125000,1,0,6.61233,-10338.2,1,-134.064,-135,0.790528
22109, 596.504, 3, -1,-1,-1,39.6293,-3.01936,0.015849,8.68e+08,10,125000,1,0,18.6486,-18196.8,0,-133,-133,0.436224
22117, 599.283, 29, -1,-1,-1,51.379,21.3808,0.015849,8.68e+08,11,125000,1,0,13.8282,-4622.36,1,-134.166,-135,0.790528
22245, 610.348, 34, -1,-1,-1,47.501,16.7741,0.015849,8.68e+08,12,125000,1,0,14.8691,-9875.55,1,-133.907,-137,1.58106
22253, 626.929, 22, -1,-1,-1,51.1856,7.59913,0.025119,8.68e+08,10,125000,1,0,29.81,-9972.58,1,-128.724,-133,0.436224
